1,0,1,1
1,1,1,1
1,2,1,1
1,3,1,1
1,4,1,1
1,5,1,1
1,6,1,1
1,7,1,1
1,8,1,1
1,9,1,1
1,10,1,1
1,11,1,1
1,12,1,1
1,13,1,1
1,14,1,1
1,15,1,1
1,16,1,1
1,17,1,1
1,18,1,1
1,19,1,1
1,20,1,1
1,21,1,1
1,22,1,1
1,23,1,1
1,24,1,1
1,25,1,1
1,26,1,1
1,27,1,1
1,28,1,1
1,0,2,1
1,1,2,1
1,2,2,1
1,3,2,1
1,4,2,1
1,5,2,1
1,6,2,1
1,7,2,1
1,8,2,1
1,9,2,1
1,10,2,1
1,11,2,1
1,12,2,1
1,13,2,1
1,14,2,1
1,15,2,1
1,16,2,1
1,17,2,1
1,18,2,1
1,19,2,1
1,20,2,1
1,21,2,1
1,22,2,1
1,23,2,1
1,24,2,1
1,25,2,1
1,26,2,1
1,27,2,1
1,28,2,1
1,0,3,1
1,1,3,1
1,2,3,1
1,3,3,1
1,4,3,1
1,5,3,1
1,6,3,1
1,7,3,1
1,8,3,1
1,9,3,1
1,10,3,1
1,11,3,1
1,12,3,1
1,13,3,1
1,14,3,1
1,15,3,1
1,16,3,1
1,17,3,1
1,18,3,1
1,19,3,1
1,20,3,1
1,21,3,1
1,22,3,1
1,23,3,1
1,24,3,1
1,25,3,1
1,26,3,1
1,27,3,1
1,28,3,1
1,0,4,1
1,1,4,1
1,2,4,1
1,3,4,1
1,4,4,1
1,5,4,1
1,6,4,1
1,7,4,1
1,8,4,1
1,9,4,1
1,10,4,1
1,11,4,1
1,12,4,1
1,13,4,1
1,14,4,1
1,15,4,1
1,16,4,1
1,17,4,1
1,18,4,1
1,19,4,1
1,20,4,1
1,21,4,1
1,22,4,1
1,23,4,1
1,24,4,1
1,25,4,1
1,26,4,1
1,27,4,1
1,28,4,1
1,0,5,1
1,1,5,1
1,2,5,1
1,3,5,1
1,4,5,1
1,5,5,1
1,6,5,1
1,7,5,1
1,8,5,1
1,9,5,1
1,10,5,1
1,11,5,1
1,12,5,1
1,13,5,1
1,14,5,1
1,15,5,1
1,16,5,1
1,17,5,1
1,18,5,1
1,19,5,1
1,20,5,1
1,21,5,1
1,22,5,1
1,23,5,1
1,24,5,1
1,25,5,1
1,26,5,1
1,27,5,1
1,28,5,1
1,0,6,1
1,1,6,1
1,2,6,1
1,3,6,1
1,4,6,1
1,5,6,1
1,6,6,1
1,7,6,1
1,8,6,1
1,9,6,1
1,10,6,1
1,11,6,1
1,12,6,1
1,13,6,1
1,14,6,1
1,15,6,1
1,16,6,1
1,17,6,1
1,18,6,1
1,19,6,1
1,20,6,1
1,21,6,1
1,22,6,1
1,23,6,1
1,24,6,1
1,25,6,1
1,26,6,1
1,27,6,1
1,28,6,1
1,0,7,1
1,1,7,1
1,2,7,1
1,3,7,1
1,4,7,1
1,5,7,1
1,6,7,1
1,7,7,1
1,8,7,1
1,9,7,1
1,10,7,1
1,11,7,1
1,12,7,1
1,13,7,1
1,14,7,1
1,15,7,1
1,16,7,1
1,17,7,1
1,18,7,1
1,19,7,1
1,20,7,1
1,21,7,1
1,22,7,1
1,23,7,1
1,24,7,1
1,25,7,1
1,26,7,1
1,27,7,1
1,28,7,1
1,0,8,1
1,1,8,1
1,2,8,1
1,3,8,1
1,4,8,1
1,5,8,1
1,6,8,1
1,7,8,1
1,8,8,1
1,9,8,1
1,10,8,1
1,11,8,1
1,12,8,1
1,13,8,1
1,14,8,1
1,15,8,1
1,16,8,1
1,17,8,1
1,18,8,1
1,19,8,1
1,20,8,1
1,21,8,1
1,22,8,1
1,23,8,1
1,24,8,1
1,25,8,1
1,26,8,1
1,27,8,1
1,28,8,1
1,0,9,1
1,1,9,1
1,2,9,1
1,3,9,1
1,4,9,1
1,5,9,1
1,6,9,1
1,7,9,1
1,8,9,1
1,9,9,1
1,10,9,1
1,11,9,1
1,12,9,1
1,13,9,1
1,14,9,1
1,15,9,1
1,16,9,1
1,17,9,1
1,18,9,1
1,19,9,1
1,20,9,1
1,21,9,1
1,22,9,1
1,23,9,1
1,24,9,1
1,25,9,1
1,26,9,1
1,27,9,1
1,28,9,2
1,0,10,1
1,1,10,1
1,2,10,1
1,3,10,1
1,4,10,1
1,5,10,1
1,6,10,1
1,7,10,1
1,8,10,1
1,9,10,1
1,10,10,1
1,11,10,1
1,12,10,1
1,13,10,1
1,14,10,1
1,15,10,1
1,16,10,1
1,17,10,1
1,18,10,1
1,19,10,1
1,20,10,1
1,21,10,1
1,22,10,1
1,23,10,1
1,24,10,1
1,25,10,1
1,26,10,1
1,27,10,2
1,28,10,2
1,0,11,1
1,1,11,1
1,2,11,1
1,3,11,1
1,4,11,1
1,5,11,1
1,6,11,1
1,7,11,1
1,8,11,1
1,9,11,1
1,10,11,1
1,11,11,1
1,12,11,1
1,13,11,1
1,14,11,1
1,15,11,1
1,16,11,1
1,17,11,1
1,18,11,1
1,19,11,1
1,20,11,1
1,21,11,1
1,22,11,1
1,23,11,1
1,24,11,1
1,25,11,2
1,26,11,2
1,27,11,2
1,28,11,2
1,0,12,1
1,1,12,1
1,2,12,1
1,3,12,1
1,4,12,1
1,5,12,1
1,6,12,1
1,7,12,1
1,8,12,1
1,9,12,1
1,10,12,1
1,11,12,1
1,12,12,1
1,13,12,1
1,14,12,1
1,15,12,1
1,16,12,1
1,17,12,1
1,18,12,1
1,19,12,1
1,20,12,1
1,21,12,1
1,22,12,1
1,23,12,1
1,24,12,2
1,25,12,2
1,26,12,2
1,27,12,2
1,28,12,2
1,0,13,1
1,1,13,1
1,2,13,1
1,3,13,1
1,4,13,1
1,5,13,1
1,6,13,1
1,7,13,1
1,8,13,1
1,9,13,1
1,10,13,1
1,11,13,1
1,12,13,1
1,13,13,1
1,14,13,1
1,15,13,1
1,16,13,1
1,17,13,1
1,18,13,1
1,19,13,1
1,20,13,1
1,21,13,1
1,22,13,1
1,23,13,2
1,24,13,2
1,25,13,2
1,26,13,2
1,27,13,2
1,28,13,2
1,0,14,1
1,1,14,1
1,2,14,1
1,3,14,1
1,4,14,1
1,5,14,1
1,6,14,1
1,7,14,1
1,8,14,1
1,9,14,1
1,10,14,1
1,11,14,1
1,12,14,1
1,13,14,1
1,14,14,1
1,15,14,1
1,16,14,1
1,17,14,1
1,18,14,1
1,19,14,1
1,20,14,1
1,21,14,1
1,22,14,2
1,23,14,2
1,24,14,2
1,25,14,2
1,26,14,2
1,27,14,2
1,28,14,2
1,0,15,1
1,1,15,1
1,2,15,1
1,3,15,1
1,4,15,1
1,5,15,1
1,6,15,1
1,7,15,1
1,8,15,1
1,9,15,1
1,10,15,1
1,11,15,1
1,12,15,1
1,13,15,1
1,14,15,1
1,15,15,1
1,16,15,1
1,17,15,1
1,18,15,1
1,19,15,1
1,20,15,1
1,21,15,2
1,22,15,2
1,23,15,2
1,24,15,2
1,25,15,2
1,26,15,2
1,27,15,2
1,28,15,2
1,0,16,1
1,1,16,1
1,2,16,1
1,3,16,1
1,4,16,1
1,5,16,1
1,6,16,1
1,7,16,1
1,8,16,1
1,9,16,1
1,10,16,1
1,11,16,1
1,12,16,1
1,13,16,1
1,14,16,1
1,15,16,1
1,16,16,1
1,17,16,1
1,18,16,1
1,19,16,1
1,20,16,2
1,21,16,2
1,22,16,2
1,23,16,2
1,24,16,2
1,25,16,2
1,26,16,2
1,27,16,2
1,28,16,2
1,0,17,1
1,1,17,1
1,2,17,1
1,3,17,1
1,4,17,1
1,5,17,1
1,6,17,1
1,7,17,1
1,8,17,1
1,9,17,1
1,10,17,1
1,11,17,1
1,12,17,1
1,13,17,1
1,14,17,1
1,15,17,1
1,16,17,1
1,17,17,1
1,18,17,1
1,19,17,2
1,20,17,2
1,21,17,2
1,22,17,2
1,23,17,2
1,24,17,2
1,25,17,2
1,26,17,2
1,27,17,2
1,28,17,3
1,0,18,1
1,1,18,1
1,2,18,1
1,3,18,1
1,4,18,1
1,5,18,1
1,6,18,1
1,7,18,1
1,8,18,1
1,9,18,1
1,10,18,1
1,11,18,1
1,12,18,1
1,13,18,1
1,14,18,1
1,15,18,1
1,16,18,1
1,17,18,1
1,18,18,1
1,19,18,2
1,20,18,2
1,21,18,2
1,22,18,2
1,23,18,2
1,24,18,2
1,25,18,2
1,26,18,2
1,27,18,2
1,28,18,3
1,0,19,1
1,1,19,1
1,2,19,1
1,3,19,1
1,4,19,1
1,5,19,1
1,6,19,1
1,7,19,1
1,8,19,1
1,9,19,1
1,10,19,1
1,11,19,1
1,12,19,1
1,13,19,1
1,14,19,1
1,15,19,1
1,16,19,1
1,17,19,1
1,18,19,2
1,19,19,2
1,20,19,2
1,21,19,2
1,22,19,2
1,23,19,2
1,24,19,2
1,25,19,2
1,26,19,2
1,27,19,2
1,28,19,3
1,0,20,1
1,1,20,1
1,2,20,1
1,3,20,1
1,4,20,1
1,5,20,1
1,6,20,1
1,7,20,1
1,8,20,1
1,9,20,1
1,10,20,1
1,11,20,1
1,12,20,1
1,13,20,1
1,14,20,1
1,15,20,1
1,16,20,2
1,17,20,2
1,18,20,2
1,19,20,2
1,20,20,2
1,21,20,2
1,22,20,2
1,23,20,2
1,24,20,2
1,25,20,2
1,26,20,2
1,27,20,3
1,28,20,3
1,0,21,1
1,1,21,1
1,2,21,1
1,3,21,1
1,4,21,1
1,5,21,1
1,6,21,1
1,7,21,1
1,8,21,1
1,9,21,1
1,10,21,1
1,11,21,1
1,12,21,1
1,13,21,1
1,14,21,1
1,15,21,1
1,16,21,2
1,17,21,2
1,18,21,2
1,19,21,2
1,20,21,2
1,21,21,2
1,22,21,2
1,23,21,2
1,24,21,2
1,25,21,2
1,26,21,3
1,27,21,3
1,28,21,3
1,0,22,1
1,1,22,1
1,2,22,1
1,3,22,1
1,4,22,1
1,5,22,1
1,6,22,1
1,7,22,1
1,8,22,1
1,9,22,1
1,10,22,1
1,11,22,1
1,12,22,1
1,13,22,1
1,14,22,1
1,15,22,2
1,16,22,2
1,17,22,2
1,18,22,2
1,19,22,2
1,20,22,2
1,21,22,2
1,22,22,2
1,23,22,2
1,24,22,2
1,25,22,3
1,26,22,3
1,27,22,3
1,28,22,3
1,0,23,1
1,1,23,1
1,2,23,1
1,3,23,1
1,4,23,1
1,5,23,1
1,6,23,1
1,7,23,1
1,8,23,1
1,9,23,1
1,10,23,1
1,11,23,1
1,12,23,1
1,13,23,1
1,14,23,1
1,15,23,2
1,16,23,2
1,17,23,2
1,18,23,2
1,19,23,2
1,20,23,2
1,21,23,2
1,22,23,2
1,23,23,2
1,24,23,3
1,25,23,3
1,26,23,3
1,27,23,3
1,28,23,3
1,0,24,1
1,1,24,1
1,2,24,1
1,3,24,1
1,4,24,1
1,5,24,1
1,6,24,1
1,7,24,1
1,8,24,1
1,9,24,1
1,10,24,1
1,11,24,1
1,12,24,1
1,13,24,1
1,14,24,2
1,15,24,2
1,16,24,2
1,17,24,2
1,18,24,2
1,19,24,2
1,20,24,2
1,21,24,2
1,22,24,2
1,23,24,2
1,24,24,3
1,25,24,3
1,26,24,3
1,27,24,3
1,28,24,3
1,0,25,1
1,1,25,1
1,2,25,1
1,3,25,1
1,4,25,1
1,5,25,1
1,6,25,1
1,7,25,1
1,8,25,1
1,9,25,1
1,10,25,1
1,11,25,1
1,12,25,1
1,13,25,1
1,14,25,2
1,15,25,2
1,16,25,2
1,17,25,2
1,18,25,2
1,19,25,2
1,20,25,2
1,21,25,2
1,22,25,2
1,23,25,3
1,24,25,3
1,25,25,3
1,26,25,3
1,27,25,3
1,28,25,3
1,0,26,1
1,1,26,1
1,2,26,1
1,3,26,1
1,4,26,1
1,5,26,1
1,6,26,1
1,7,26,1
1,8,26,1
1,9,26,1
1,10,26,1
1,11,26,1
1,12,26,1
1,13,26,1
1,14,26,2
1,15,26,2
1,16,26,2
1,17,26,2
1,18,26,2
1,19,26,2
1,20,26,2
1,21,26,2
1,22,26,2
1,23,26,3
1,24,26,3
1,25,26,3
1,26,26,3
1,27,26,3
1,28,26,4
1,0,27,1
1,1,27,1
1,2,27,1
1,3,27,1
1,4,27,1
1,5,27,1
1,6,27,1
1,7,27,1
1,8,27,1
1,9,27,1
1,10,27,1
1,11,27,1
1,12,27,1
1,13,27,2
1,14,27,2
1,15,27,2
1,16,27,2
1,17,27,2
1,18,27,2
1,19,27,2
1,20,27,2
1,21,27,2
1,22,27,3
1,23,27,3
1,24,27,3
1,25,27,3
1,26,27,3
1,27,27,3
1,28,27,4
1,0,28,1
1,1,28,1
1,2,28,1
1,3,28,1
1,4,28,1
1,5,28,1
1,6,28,1
1,7,28,1
1,8,28,1
1,9,28,1
1,10,28,1
1,11,28,1
1,12,28,1
1,13,28,2
1,14,28,2
1,15,28,2
1,16,28,2
1,17,28,2
1,18,28,2
1,19,28,2
1,20,28,2
1,21,28,2
1,22,28,3
1,23,28,3
1,24,28,3
1,25,28,3
1,26,28,3
1,27,28,3
1,28,28,4
1,0,29,1
1,1,29,1
1,2,29,1
1,3,29,1
1,4,29,1
1,5,29,1
1,6,29,1
1,7,29,1
1,8,29,1
1,9,29,1
1,10,29,1
1,11,29,1
1,12,29,1
1,13,29,2
1,14,29,2
1,15,29,2
1,16,29,2
1,17,29,2
1,18,29,2
1,19,29,2
1,20,29,2
1,21,29,3
1,22,29,3
1,23,29,3
1,24,29,3
1,25,29,3
1,26,29,3
1,27,29,3
1,28,29,4
1,0,30,1
1,1,30,1
1,2,30,1
1,3,30,1
1,4,30,1
1,5,30,1
1,6,30,1
1,7,30,1
1,8,30,1
1,9,30,1
1,10,30,1
1,11,30,1
1,12,30,1
1,13,30,2
1,14,30,2
1,15,30,2
1,16,30,2
1,17,30,2
1,18,30,2
1,19,30,2
1,20,30,2
1,21,30,3
1,22,30,3
1,23,30,3
1,24,30,3
1,25,30,3
1,26,30,3
1,27,30,4
1,28,30,4
1,0,31,1
1,1,31,1
1,2,31,1
1,3,31,1
1,4,31,1
1,5,31,1
1,6,31,1
1,7,31,1
1,8,31,1
1,9,31,1
1,10,31,1
1,11,31,1
1,12,31,2
1,13,31,2
1,14,31,2
1,15,31,2
1,16,31,2
1,17,31,2
1,18,31,2
1,19,31,2
1,20,31,2
1,21,31,3
1,22,31,3
1,23,31,3
1,24,31,3
1,25,31,3
1,26,31,4
1,27,31,4
1,28,31,4
1,0,32,1
1,1,32,1
1,2,32,1
1,3,32,1
1,4,32,1
1,5,32,1
1,6,32,1
1,7,32,1
1,8,32,1
1,9,32,1
1,10,32,1
1,11,32,1
1,12,32,2
1,13,32,2
1,14,32,2
1,15,32,2
1,16,32,2
1,17,32,2
1,18,32,2
1,19,32,2
1,20,32,3
1,21,32,3
1,22,32,3
1,23,32,3
1,24,32,3
1,25,32,3
1,26,32,4
1,27,32,4
1,28,32,4
1,0,33,1
1,1,33,1
1,2,33,1
1,3,33,1
1,4,33,1
1,5,33,1
1,6,33,1
1,7,33,1
1,8,33,1
1,9,33,1
1,10,33,1
1,11,33,1
1,12,33,2
1,13,33,2
1,14,33,2
1,15,33,2
1,16,33,2
1,17,33,2
1,18,33,2
1,19,33,2
1,20,33,3
1,21,33,3
1,22,33,3
1,23,33,3
1,24,33,3
1,25,33,4
1,26,33,4
1,27,33,4
1,28,33,5
1,0,34,1
1,1,34,1
1,2,34,1
1,3,34,1
1,4,34,1
1,5,34,1
1,6,34,1
1,7,34,1
1,8,34,1
1,9,34,1
1,10,34,1
1,11,34,1
1,12,34,2
1,13,34,2
1,14,34,2
1,15,34,2
1,16,34,2
1,17,34,2
1,18,34,2
1,19,34,2
1,20,34,3
1,21,34,3
1,22,34,3
1,23,34,3
1,24,34,3
1,25,34,4
1,26,34,4
1,27,34,4
1,28,34,5
1,0,35,1
1,1,35,1
1,2,35,1
1,3,35,1
1,4,35,1
1,5,35,1
1,6,35,1
1,7,35,1
1,8,35,1
1,9,35,1
1,10,35,1
1,11,35,2
1,12,35,2
1,13,35,2
1,14,35,2
1,15,35,2
1,16,35,2
1,17,35,2
1,18,35,2
1,19,35,3
1,20,35,3
1,21,35,3
1,22,35,3
1,23,35,3
1,24,35,4
1,25,35,4
1,26,35,4
1,27,35,4
1,28,35,5
1,0,36,1
1,1,36,1
1,2,36,1
1,3,36,1
1,4,36,1
1,5,36,1
1,6,36,1
1,7,36,1
1,8,36,1
1,9,36,1
1,10,36,1
1,11,36,2
1,12,36,2
1,13,36,2
1,14,36,2
1,15,36,2
1,16,36,2
1,17,36,2
1,18,36,2
1,19,36,3
1,20,36,3
1,21,36,3
1,22,36,3
1,23,36,3
1,24,36,4
1,25,36,4
1,26,36,4
1,27,36,4
1,28,36,5
1,0,37,1
1,1,37,1
1,2,37,1
1,3,37,1
1,4,37,1
1,5,37,1
1,6,37,1
1,7,37,1
1,8,37,1
1,9,37,1
1,10,37,1
1,11,37,2
1,12,37,2
1,13,37,2
1,14,37,2
1,15,37,2
1,16,37,2
1,17,37,2
1,18,37,2
1,19,37,3
1,20,37,3
1,21,37,3
1,22,37,3
1,23,37,3
1,24,37,4
1,25,37,4
1,26,37,4
1,27,37,4
1,28,37,5
1,0,38,1
1,1,38,1
1,2,38,1
1,3,38,1
1,4,38,1
1,5,38,1
1,6,38,1
1,7,38,1
1,8,38,1
1,9,38,1
1,10,38,1
1,11,38,2
1,12,38,2
1,13,38,2
1,14,38,2
1,15,38,2
1,16,38,2
1,17,38,2
1,18,38,2
1,19,38,3
1,20,38,3
1,21,38,3
1,22,38,3
1,23,38,4
1,24,38,4
1,25,38,4
1,26,38,4
1,27,38,5
1,28,38,5
1,0,39,1
1,1,39,1
1,2,39,1
1,3,39,1
1,4,39,1
1,5,39,1
1,6,39,1
1,7,39,1
1,8,39,1
1,9,39,2
1,10,39,2
1,11,39,2
1,12,39,2
1,13,39,2
1,14,39,2
1,15,39,2
1,16,39,2
1,17,39,2
1,18,39,3
1,19,39,3
1,20,39,3
1,21,39,3
1,22,39,3
1,23,39,4
1,24,39,4
1,25,39,4
1,26,39,4
1,27,39,5
1,28,39,5
1,0,40,1
1,1,40,1
1,2,40,1
1,3,40,1
1,4,40,1
1,5,40,1
1,6,40,1
1,7,40,1
1,8,40,1
1,9,40,2
1,10,40,2
1,11,40,2
1,12,40,2
1,13,40,2
1,14,40,2
1,15,40,2
1,16,40,2
1,17,40,2
1,18,40,3
1,19,40,3
1,20,40,3
1,21,40,3
1,22,40,3
1,23,40,4
1,24,40,4
1,25,40,4
1,26,40,5
1,27,40,5
1,28,40,5
1,0,41,1
1,1,41,1
1,2,41,1
1,3,41,1
1,4,41,1
1,5,41,1
1,6,41,1
1,7,41,1
1,8,41,1
1,9,41,2
1,10,41,2
1,11,41,2
1,12,41,2
1,13,41,2
1,14,41,2
1,15,41,2
1,16,41,3
1,17,41,3
1,18,41,3
1,19,41,3
1,20,41,3
1,21,41,3
1,22,41,4
1,23,41,4
1,24,41,4
1,25,41,4
1,26,41,5
1,27,41,5
1,28,41,5
1,0,42,1
1,1,42,1
1,2,42,1
1,3,42,1
1,4,42,1
1,5,42,1
1,6,42,1
1,7,42,1
1,8,42,1
1,9,42,2
1,10,42,2
1,11,42,2
1,12,42,2
1,13,42,2
1,14,42,2
1,15,42,2
1,16,42,3
1,17,42,3
1,18,42,3
1,19,42,3
1,20,42,3
1,21,42,3
1,22,42,4
1,23,42,4
1,24,42,4
1,25,42,5
1,26,42,5
1,27,42,5
1,28,42,5
1,0,43,1
1,1,43,1
1,2,43,1
1,3,43,1
1,4,43,1
1,5,43,1
1,6,43,1
1,7,43,1
1,8,43,1
1,9,43,2
1,10,43,2
1,11,43,2
1,12,43,2
1,13,43,2
1,14,43,2
1,15,43,2
1,16,43,3
1,17,43,3
1,18,43,3
1,19,43,3
1,20,43,3
1,21,43,3
1,22,43,4
1,23,43,4
1,24,43,4
1,25,43,5
1,26,43,5
1,27,43,5
1,28,43,6
1,0,44,1
1,1,44,1
1,2,44,1
1,3,44,1
1,4,44,1
1,5,44,1
1,6,44,1
1,7,44,1
1,8,44,2
1,9,44,2
1,10,44,2
1,11,44,2
1,12,44,2
1,13,44,2
1,14,44,2
1,15,44,3
1,16,44,3
1,17,44,3
1,18,44,3
1,19,44,3
1,20,44,3
1,21,44,4
1,22,44,4
1,23,44,4
1,24,44,4
1,25,44,5
1,26,44,5
1,27,44,5
1,28,44,6
1,0,45,1
1,1,45,1
1,2,45,1
1,3,45,1
1,4,45,1
1,5,45,1
1,6,45,1
1,7,45,1
1,8,45,2
1,9,45,2
1,10,45,2
1,11,45,2
1,12,45,2
1,13,45,2
1,14,45,2
1,15,45,3
1,16,45,3
1,17,45,3
1,18,45,3
1,19,45,3
1,20,45,3
1,21,45,4
1,22,45,4
1,23,45,4
1,24,45,5
1,25,45,5
1,26,45,5
1,27,45,5
1,28,45,6
1,0,46,1
1,1,46,1
1,2,46,1
1,3,46,1
1,4,46,1
1,5,46,1
1,6,46,1
1,7,46,1
1,8,46,2
1,9,46,2
1,10,46,2
1,11,46,2
1,12,46,2
1,13,46,2
1,14,46,2
1,15,46,3
1,16,46,3
1,17,46,3
1,18,46,3
1,19,46,3
1,20,46,3
1,21,46,4
1,22,46,4
1,23,46,4
1,24,46,5
1,25,46,5
1,26,46,5
1,27,46,5
1,28,46,6
1,0,47,1
1,1,47,1
1,2,47,1
1,3,47,1
1,4,47,1
1,5,47,1
1,6,47,1
1,7,47,1
1,8,47,2
1,9,47,2
1,10,47,2
1,11,47,2
1,12,47,2
1,13,47,2
1,14,47,2
1,15,47,3
1,16,47,3
1,17,47,3
1,18,47,3
1,19,47,3
1,20,47,3
1,21,47,4
1,22,47,4
1,23,47,4
1,24,47,5
1,25,47,5
1,26,47,5
1,27,47,5
1,28,47,6
1,0,48,1
1,1,48,1
1,2,48,1
1,3,48,1
1,4,48,1
1,5,48,1
1,6,48,1
1,7,48,1
1,8,48,2
1,9,48,2
1,10,48,2
1,11,48,2
1,12,48,2
1,13,48,2
1,14,48,2
1,15,48,3
1,16,48,3
1,17,48,3
1,18,48,3
1,19,48,3
1,20,48,4
1,21,48,4
1,22,48,4
1,23,48,5
1,24,48,5
1,25,48,5
1,26,48,5
1,27,48,5
1,28,48,6
1,0,49,1
1,1,49,1
1,2,49,1
1,3,49,1
1,4,49,1
1,5,49,1
1,6,49,1
1,7,49,1
1,8,49,2
1,9,49,2
1,10,49,2
1,11,49,2
1,12,49,2
1,13,49,2
1,14,49,3
1,15,49,3
1,16,49,3
1,17,49,3
1,18,49,3
1,19,49,3
1,20,49,4
1,21,49,4
1,22,49,4
1,23,49,5
1,24,49,5
1,25,49,5
1,26,49,5
1,27,49,6
1,28,49,6
1,0,50,1
1,1,50,1
1,2,50,1
1,3,50,1
1,4,50,1
1,5,50,1
1,6,50,1
1,7,50,2
1,8,50,2
1,9,50,2
1,10,50,2
1,11,50,2
1,12,50,2
1,13,50,2
1,14,50,3
1,15,50,3
1,16,50,3
1,17,50,3
1,18,50,3
1,19,50,3
1,20,50,4
1,21,50,4
1,22,50,4
1,23,50,5
1,24,50,5
1,25,50,5
1,26,50,5
1,27,50,6
1,28,50,6
1,0,51,1
1,1,51,1
1,2,51,1
1,3,51,1
1,4,51,1
1,5,51,1
1,6,51,1
1,7,51,2
1,8,51,2
1,9,51,2
1,10,51,2
1,11,51,2
1,12,51,2
1,13,51,2
1,14,51,3
1,15,51,3
1,16,51,3
1,17,51,3
1,18,51,3
1,19,51,3
1,20,51,4
1,21,51,4
1,22,51,4
1,23,51,5
1,24,51,5
1,25,51,5
1,26,51,6
1,27,51,6
1,28,51,7
1,0,52,1
1,1,52,1
1,2,52,1
1,3,52,1
1,4,52,1
1,5,52,1
1,6,52,1
1,7,52,2
1,8,52,2
1,9,52,2
1,10,52,2
1,11,52,2
1,12,52,2
1,13,52,2
1,14,52,3
1,15,52,3
1,16,52,3
1,17,52,3
1,18,52,3
1,19,52,4
1,20,52,4
1,21,52,4
1,22,52,5
1,23,52,5
1,24,52,5
1,25,52,5
1,26,52,6
1,27,52,6
1,28,52,7
1,0,53,1
1,1,53,1
1,2,53,1
1,3,53,1
1,4,53,1
1,5,53,1
1,6,53,1
1,7,53,2
1,8,53,2
1,9,53,2
1,10,53,2
1,11,53,2
1,12,53,2
1,13,53,2
1,14,53,3
1,15,53,3
1,16,53,3
1,17,53,3
1,18,53,3
1,19,53,4
1,20,53,4
1,21,53,4
1,22,53,5
1,23,53,5
1,24,53,5
1,25,53,5
1,26,53,6
1,27,53,6
1,28,53,7
1,0,54,1
1,1,54,1
1,2,54,1
1,3,54,1
1,4,54,1
1,5,54,1
1,6,54,1
1,7,54,2
1,8,54,2
1,9,54,2
1,10,54,2
1,11,54,2
1,12,54,2
1,13,54,2
1,14,54,3
1,15,54,3
1,16,54,3
1,17,54,3
1,18,54,3
1,19,54,4
1,20,54,4
1,21,54,4
1,22,54,5
1,23,54,5
1,24,54,5
1,25,54,5
1,26,54,6
1,27,54,6
1,28,54,7
1,0,55,1
1,1,55,1
1,2,55,1
1,3,55,1
1,4,55,1
1,5,55,1
1,6,55,1
1,7,55,2
1,8,55,2
1,9,55,2
1,10,55,2
1,11,55,2
1,12,55,2
1,13,55,3
1,14,55,3
1,15,55,3
1,16,55,3
1,17,55,3
1,18,55,3
1,19,55,4
1,20,55,4
1,21,55,4
1,22,55,5
1,23,55,5
1,24,55,5
1,25,55,6
1,26,55,6
1,27,55,6
1,28,55,7
1,0,56,1
1,1,56,1
1,2,56,1
1,3,56,1
1,4,56,1
1,5,56,1
1,6,56,1
1,7,56,2
1,8,56,2
1,9,56,2
1,10,56,2
1,11,56,2
1,12,56,2
1,13,56,3
1,14,56,3
1,15,56,3
1,16,56,3
1,17,56,3
1,18,56,3
1,19,56,4
1,20,56,4
1,21,56,5
1,22,56,5
1,23,56,5
1,24,56,5
1,25,56,6
1,26,56,6
1,27,56,6
1,28,56,7
1,0,57,1
1,1,57,1
1,2,57,1
1,3,57,1
1,4,57,1
1,5,57,1
1,6,57,1
1,7,57,2
1,8,57,2
1,9,57,2
1,10,57,2
1,11,57,2
1,12,57,2
1,13,57,3
1,14,57,3
1,15,57,3
1,16,57,3
1,17,57,3
1,18,57,3
1,19,57,4
1,20,57,4
1,21,57,5
1,22,57,5
1,23,57,5
1,24,57,5
1,25,57,6
1,26,57,6
1,27,57,6
1,28,57,7
1,0,58,1
1,1,58,1
1,2,58,1
1,3,58,1
1,4,58,1
1,5,58,1
1,6,58,1
1,7,58,2
1,8,58,2
1,9,58,2
1,10,58,2
1,11,58,2
1,12,58,2
1,13,58,3
1,14,58,3
1,15,58,3
1,16,58,3
1,17,58,3
1,18,58,4
1,19,58,4
1,20,58,4
1,21,58,5
1,22,58,5
1,23,58,5
1,24,58,6
1,25,58,6
1,26,58,6
1,27,58,6
1,28,58,7
1,0,59,1
1,1,59,1
1,2,59,1
1,3,59,1
1,4,59,1
1,5,59,1
1,6,59,2
1,7,59,2
1,8,59,2
1,9,59,2
1,10,59,2
1,11,59,2
1,12,59,2
1,13,59,3
1,14,59,3
1,15,59,3
1,16,59,3
1,17,59,3
1,18,59,4
1,19,59,4
1,20,59,4
1,21,59,5
1,22,59,5
1,23,59,5
1,24,59,6
1,25,59,6
1,26,59,6
1,27,59,7
1,28,59,8
1,0,60,1
1,1,60,1
1,2,60,1
1,3,60,1
1,4,60,1
1,5,60,1
1,6,60,2
1,7,60,2
1,8,60,2
1,9,60,2
1,10,60,2
1,11,60,2
1,12,60,2
1,13,60,3
1,14,60,3
1,15,60,3
1,16,60,3
1,17,60,3
1,18,60,4
1,19,60,4
1,20,60,4
1,21,60,5
1,22,60,5
1,23,60,5
1,24,60,6
1,25,60,6
1,26,60,6
1,27,60,7
1,28,60,8
1,0,61,1
1,1,61,1
1,2,61,1
1,3,61,1
1,4,61,1
1,5,61,1
1,6,61,2
1,7,61,2
1,8,61,2
1,9,61,2
1,10,61,2
1,11,61,2
1,12,61,2
1,13,61,3
1,14,61,3
1,15,61,3
1,16,61,3
1,17,61,3
1,18,61,4
1,19,61,4
1,20,61,5
1,21,61,5
1,22,61,5
1,23,61,5
1,24,61,6
1,25,61,6
1,26,61,6
1,27,61,7
1,28,61,8
1,0,62,1
1,1,62,1
1,2,62,1
1,3,62,1
1,4,62,1
1,5,62,1
1,6,62,2
1,7,62,2
1,8,62,2
1,9,62,2
1,10,62,2
1,11,62,2
1,12,62,3
1,13,62,3
1,14,62,3
1,15,62,3
1,16,62,4
1,17,62,4
1,18,62,4
1,19,62,4
1,20,62,5
1,21,62,5
1,22,62,5
1,23,62,6
1,24,62,6
1,25,62,6
1,26,62,7
1,27,62,7
1,28,62,8
1,0,63,1
1,1,63,1
1,2,63,1
1,3,63,1
1,4,63,1
1,5,63,1
1,6,63,2
1,7,63,2
1,8,63,2
1,9,63,2
1,10,63,2
1,11,63,2
1,12,63,3
1,13,63,3
1,14,63,3
1,15,63,3
1,16,63,4
1,17,63,4
1,18,63,4
1,19,63,4
1,20,63,5
1,21,63,5
1,22,63,5
1,23,63,6
1,24,63,6
1,25,63,6
1,26,63,7
1,27,63,7
1,28,63,8
1,0,64,1
1,1,64,1
1,2,64,1
1,3,64,1
1,4,64,1
1,5,64,1
1,6,64,2
1,7,64,2
1,8,64,2
1,9,64,2
1,10,64,2
1,11,64,2
1,12,64,3
1,13,64,3
1,14,64,3
1,15,64,3
1,16,64,4
1,17,64,4
1,18,64,4
1,19,64,4
1,20,64,5
1,21,64,5
1,22,64,5
1,23,64,6
1,24,64,6
1,25,64,6
1,26,64,7
1,27,64,7
1,28,64,8
1,0,65,1
1,1,65,1
1,2,65,1
1,3,65,1
1,4,65,1
1,5,65,1
1,6,65,2
1,7,65,2
1,8,65,2
1,9,65,2
1,10,65,2
1,11,65,2
1,12,65,3
1,13,65,3
1,14,65,3
1,15,65,3
1,16,65,4
1,17,65,4
1,18,65,4
1,19,65,4
1,20,65,5
1,21,65,5
1,22,65,5
1,23,65,6
1,24,65,6
1,25,65,7
1,26,65,7
1,27,65,7
1,28,65,8
1,0,66,1
1,1,66,1
1,2,66,1
1,3,66,1
1,4,66,1
1,5,66,1
1,6,66,2
1,7,66,2
1,8,66,2
1,9,66,2
1,10,66,2
1,11,66,2
1,12,66,3
1,13,66,3
1,14,66,3
1,15,66,4
1,16,66,4
1,17,66,4
1,18,66,4
1,19,66,4
1,20,66,5
1,21,66,5
1,22,66,5
1,23,66,6
1,24,66,6
1,25,66,7
1,26,66,7
1,27,66,7
1,28,66,8
1,0,67,1
1,1,67,1
1,2,67,1
1,3,67,1
1,4,67,1
1,5,67,1
1,6,67,2
1,7,67,2
1,8,67,2
1,9,67,2
1,10,67,2
1,11,67,2
1,12,67,3
1,13,67,3
1,14,67,3
1,15,67,4
1,16,67,4
1,17,67,4
1,18,67,4
1,19,67,5
1,20,67,5
1,21,67,5
1,22,67,6
1,23,67,6
1,24,67,6
1,25,67,7
1,26,67,7
1,27,67,7
1,28,67,8
1,0,68,1
1,1,68,1
1,2,68,1
1,3,68,1
1,4,68,1
1,5,68,1
1,6,68,2
1,7,68,2
1,8,68,2
1,9,68,2
1,10,68,2
1,11,68,2
1,12,68,3
1,13,68,3
1,14,68,3
1,15,68,4
1,16,68,4
1,17,68,4
1,18,68,4
1,19,68,5
1,20,68,5
1,21,68,5
1,22,68,6
1,23,68,6
1,24,68,6
1,25,68,7
1,26,68,7
1,27,68,8
1,28,68,9
1,0,69,1
1,1,69,1
1,2,69,1
1,3,69,1
1,4,69,1
1,5,69,1
1,6,69,2
1,7,69,2
1,8,69,2
1,9,69,2
1,10,69,2
1,11,69,2
1,12,69,3
1,13,69,3
1,14,69,3
1,15,69,4
1,16,69,4
1,17,69,4
1,18,69,4
1,19,69,5
1,20,69,5
1,21,69,5
1,22,69,6
1,23,69,6
1,24,69,6
1,25,69,7
1,26,69,7
1,27,69,8
1,28,69,9
1,0,70,1
1,1,70,1
1,2,70,1
1,3,70,1
1,4,70,1
1,5,70,2
1,6,70,2
1,7,70,2
1,8,70,2
1,9,70,2
1,10,70,2
1,11,70,2
1,12,70,3
1,13,70,3
1,14,70,3
1,15,70,4
1,16,70,4
1,17,70,4
1,18,70,4
1,19,70,5
1,20,70,5
1,21,70,5
1,22,70,6
1,23,70,6
1,24,70,7
1,25,70,7
1,26,70,7
1,27,70,8
1,28,70,9
1,0,71,1
1,1,71,1
1,2,71,1
1,3,71,1
1,4,71,1
1,5,71,2
1,6,71,2
1,7,71,2
1,8,71,2
1,9,71,2
1,10,71,2
1,11,71,3
1,12,71,3
1,13,71,3
1,14,71,3
1,15,71,4
1,16,71,4
1,17,71,4
1,18,71,4
1,19,71,5
1,20,71,5
1,21,71,5
1,22,71,6
1,23,71,6
1,24,71,7
1,25,71,7
1,26,71,8
1,27,71,8
1,28,71,9
1,0,72,1
1,1,72,1
1,2,72,1
1,3,72,1
1,4,72,1
1,5,72,2
1,6,72,2
1,7,72,2
1,8,72,2
1,9,72,2
1,10,72,2
1,11,72,3
1,12,72,3
1,13,72,3
1,14,72,3
1,15,72,4
1,16,72,4
1,17,72,4
1,18,72,4
1,19,72,5
1,20,72,5
1,21,72,5
1,22,72,6
1,23,72,6
1,24,72,7
1,25,72,7
1,26,72,8
1,27,72,8
1,28,72,9
1,0,73,1
1,1,73,1
1,2,73,1
1,3,73,1
1,4,73,1
1,5,73,2
1,6,73,2
1,7,73,2
1,8,73,2
1,9,73,2
1,10,73,2
1,11,73,3
1,12,73,3
1,13,73,3
1,14,73,4
1,15,73,4
1,16,73,4
1,17,73,4
1,18,73,4
1,19,73,5
1,20,73,5
1,21,73,6
1,22,73,6
1,23,73,6
1,24,73,7
1,25,73,7
1,26,73,8
1,27,73,8
1,28,73,9
1,0,74,1
1,1,74,1
1,2,74,1
1,3,74,1
1,4,74,1
1,5,74,2
1,6,74,2
1,7,74,2
1,8,74,2
1,9,74,2
1,10,74,2
1,11,74,3
1,12,74,3
1,13,74,3
1,14,74,4
1,15,74,4
1,16,74,4
1,17,74,4
1,18,74,5
1,19,74,5
1,20,74,5
1,21,74,6
1,22,74,6
1,23,74,6
1,24,74,7
1,25,74,7
1,26,74,8
1,27,74,8
1,28,74,9
1,0,75,1
1,1,75,1
1,2,75,1
1,3,75,1
1,4,75,1
1,5,75,2
1,6,75,2
1,7,75,2
1,8,75,2
1,9,75,2
1,10,75,2
1,11,75,3
1,12,75,3
1,13,75,3
1,14,75,4
1,15,75,4
1,16,75,4
1,17,75,4
1,18,75,5
1,19,75,5
1,20,75,5
1,21,75,6
1,22,75,6
1,23,75,7
1,24,75,7
1,25,75,8
1,26,75,8
1,27,75,8
1,28,75,9
1,0,76,1
1,1,76,1
1,2,76,1
1,3,76,1
1,4,76,1
1,5,76,2
1,6,76,2
1,7,76,2
1,8,76,2
1,9,76,2
1,10,76,2
1,11,76,3
1,12,76,3
1,13,76,3
1,14,76,4
1,15,76,4
1,16,76,4
1,17,76,4
1,18,76,5
1,19,76,5
1,20,76,5
1,21,76,6
1,22,76,6
1,23,76,7
1,24,76,7
1,25,76,8
1,26,76,8
1,27,76,8
1,28,76,9
1,0,77,1
1,1,77,1
1,2,77,1
1,3,77,1
1,4,77,1
1,5,77,2
1,6,77,2
1,7,77,2
1,8,77,2
1,9,77,2
1,10,77,2
1,11,77,3
1,12,77,3
1,13,77,3
1,14,77,4
1,15,77,4
1,16,77,4
1,17,77,4
1,18,77,5
1,19,77,5
1,20,77,5
1,21,77,6
1,22,77,6
1,23,77,7
1,24,77,7
1,25,77,8
1,26,77,8
1,27,77,8
1,28,77,10
1,0,78,1
1,1,78,1
1,2,78,1
1,3,78,1
1,4,78,1
1,5,78,2
1,6,78,2
1,7,78,2
1,8,78,2
1,9,78,2
1,10,78,2
1,11,78,3
1,12,78,3
1,13,78,3
1,14,78,4
1,15,78,4
1,16,78,4
1,17,78,4
1,18,78,5
1,19,78,5
1,20,78,5
1,21,78,6
1,22,78,6
1,23,78,7
1,24,78,7
1,25,78,8
1,26,78,8
1,27,78,8
1,28,78,10
1,0,79,1
1,1,79,1
1,2,79,1
1,3,79,1
1,4,79,1
1,5,79,2
1,6,79,2
1,7,79,2
1,8,79,2
1,9,79,3
1,10,79,3
1,11,79,3
1,12,79,3
1,13,79,3
1,14,79,4
1,15,79,4
1,16,79,5
1,17,79,5
1,18,79,5
1,19,79,5
1,20,79,6
1,21,79,6
1,22,79,6
1,23,79,7
1,24,79,7
1,25,79,8
1,26,79,8
1,27,79,9
1,28,79,10
1,0,80,1
1,1,80,1
1,2,80,1
1,3,80,1
1,4,80,1
1,5,80,2
1,6,80,2
1,7,80,2
1,8,80,2
1,9,80,3
1,10,80,3
1,11,80,3
1,12,80,3
1,13,80,3
1,14,80,4
1,15,80,4
1,16,80,5
1,17,80,5
1,18,80,5
1,19,80,5
1,20,80,6
1,21,80,6
1,22,80,6
1,23,80,7
1,24,80,8
1,25,80,8
1,26,80,8
1,27,80,9
1,28,80,10
1,0,81,1
1,1,81,1
1,2,81,1
1,3,81,1
1,4,81,1
1,5,81,2
1,6,81,2
1,7,81,2
1,8,81,2
1,9,81,3
1,10,81,3
1,11,81,3
1,12,81,3
1,13,81,3
1,14,81,4
1,15,81,4
1,16,81,5
1,17,81,5
1,18,81,5
1,19,81,5
1,20,81,6
1,21,81,6
1,22,81,7
1,23,81,7
1,24,81,8
1,25,81,8
1,26,81,8
1,27,81,9
1,28,81,10
1,0,82,1
1,1,82,1
1,2,82,1
1,3,82,1
1,4,82,1
1,5,82,2
1,6,82,2
1,7,82,2
1,8,82,2
1,9,82,3
1,10,82,3
1,11,82,3
1,12,82,3
1,13,82,4
1,14,82,4
1,15,82,4
1,16,82,5
1,17,82,5
1,18,82,5
1,19,82,5
1,20,82,6
1,21,82,6
1,22,82,7
1,23,82,7
1,24,82,8
1,25,82,8
1,26,82,9
1,27,82,9
1,28,82,10
1,0,83,1
1,1,83,1
1,2,83,1
1,3,83,1
1,4,83,1
1,5,83,2
1,6,83,2
1,7,83,2
1,8,83,2
1,9,83,3
1,10,83,3
1,11,83,3
1,12,83,3
1,13,83,4
1,14,83,4
1,15,83,4
1,16,83,5
1,17,83,5
1,18,83,5
1,19,83,5
1,20,83,6
1,21,83,6
1,22,83,7
1,23,83,7
1,24,83,8
1,25,83,8
1,26,83,9
1,27,83,9
1,28,83,11
1,0,84,1
1,1,84,1
1,2,84,1
1,3,84,1
1,4,84,1
1,5,84,2
1,6,84,2
1,7,84,2
1,8,84,2
1,9,84,3
1,10,84,3
1,11,84,3
1,12,84,3
1,13,84,4
1,14,84,4
1,15,84,5
1,16,84,5
1,17,84,5
1,18,84,5
1,19,84,5
1,20,84,6
1,21,84,6
1,22,84,7
1,23,84,7
1,24,84,8
1,25,84,8
1,26,84,9
1,27,84,9
1,28,84,11
1,0,85,1
1,1,85,1
1,2,85,1
1,3,85,1
1,4,85,1
1,5,85,2
1,6,85,2
1,7,85,2
1,8,85,2
1,9,85,3
1,10,85,3
1,11,85,3
1,12,85,3
1,13,85,4
1,14,85,4
1,15,85,5
1,16,85,5
1,17,85,5
1,18,85,5
1,19,85,5
1,20,85,6
1,21,85,6
1,22,85,7
1,23,85,7
1,24,85,8
1,25,85,8
1,26,85,9
1,27,85,9
1,28,85,11
1,0,86,1
1,1,86,1
1,2,86,1
1,3,86,1
1,4,86,2
1,5,86,2
1,6,86,2
1,7,86,2
1,8,86,2
1,9,86,3
1,10,86,3
1,11,86,3
1,12,86,3
1,13,86,4
1,14,86,4
1,15,86,5
1,16,86,5
1,17,86,5
1,18,86,5
1,19,86,5
1,20,86,6
1,21,86,6
1,22,86,7
1,23,86,8
1,24,86,8
1,25,86,8
1,26,86,9
1,27,86,9
1,28,86,11
1,0,87,1
1,1,87,1
1,2,87,1
1,3,87,1
1,4,87,2
1,5,87,2
1,6,87,2
1,7,87,2
1,8,87,2
1,9,87,3
1,10,87,3
1,11,87,3
1,12,87,3
1,13,87,4
1,14,87,4
1,15,87,5
1,16,87,5
1,17,87,5
1,18,87,5
1,19,87,6
1,20,87,6
1,21,87,7
1,22,87,7
1,23,87,8
1,24,87,8
1,25,87,9
1,26,87,9
1,27,87,9
1,28,87,11
1,0,88,1
1,1,88,1
1,2,88,1
1,3,88,1
1,4,88,2
1,5,88,2
1,6,88,2
1,7,88,2
1,8,88,2
1,9,88,3
1,10,88,3
1,11,88,3
1,12,88,3
1,13,88,4
1,14,88,4
1,15,88,5
1,16,88,5
1,17,88,5
1,18,88,5
1,19,88,6
1,20,88,6
1,21,88,7
1,22,88,7
1,23,88,8
1,24,88,8
1,25,88,9
1,26,88,9
1,27,88,9
1,28,88,11
1,0,89,1
1,1,89,1
1,2,89,1
1,3,89,1
1,4,89,2
1,5,89,2
1,6,89,2
1,7,89,2
1,8,89,3
1,9,89,3
1,10,89,3
1,11,89,3
1,12,89,3
1,13,89,4
1,14,89,4
1,15,89,5
1,16,89,5
1,17,89,5
1,18,89,5
1,19,89,6
1,20,89,6
1,21,89,7
1,22,89,7
1,23,89,8
1,24,89,8
1,25,89,9
1,26,89,9
1,27,89,10
1,28,89,11
1,0,90,1
1,1,90,1
1,2,90,1
1,3,90,1
1,4,90,2
1,5,90,2
1,6,90,2
1,7,90,2
1,8,90,3
1,9,90,3
1,10,90,3
1,11,90,3
1,12,90,3
1,13,90,4
1,14,90,4
1,15,90,5
1,16,90,5
1,17,90,5
1,18,90,5
1,19,90,6
1,20,90,6
1,21,90,7
1,22,90,7
1,23,90,8
1,24,90,8
1,25,90,9
1,26,90,9
1,27,90,10
1,28,90,11
1,0,91,1
1,1,91,1
1,2,91,1
1,3,91,1
1,4,91,2
1,5,91,2
1,6,91,2
1,7,91,2
1,8,91,3
1,9,91,3
1,10,91,3
1,11,91,3
1,12,91,3
1,13,91,4
1,14,91,4
1,15,91,5
1,16,91,5
1,17,91,5
1,18,91,5
1,19,91,6
1,20,91,6
1,21,91,7
1,22,91,7
1,23,91,8
1,24,91,8
1,25,91,9
1,26,91,9
1,27,91,10
1,28,91,11
1,0,92,1
1,1,92,1
1,2,92,1
1,3,92,1
1,4,92,2
1,5,92,2
1,6,92,2
1,7,92,2
1,8,92,3
1,9,92,3
1,10,92,3
1,11,92,3
1,12,92,3
1,13,92,4
1,14,92,4
1,15,92,5
1,16,92,5
1,17,92,5
1,18,92,5
1,19,92,6
1,20,92,6
1,21,92,7
1,22,92,7
1,23,92,8
1,24,92,8
1,25,92,9
1,26,92,10
1,27,92,10
1,28,92,12
1,0,93,1
1,1,93,1
1,2,93,1
1,3,93,1
1,4,93,2
1,5,93,2
1,6,93,2
1,7,93,2
1,8,93,3
1,9,93,3
1,10,93,3
1,11,93,3
1,12,93,4
1,13,93,4
1,14,93,4
1,15,93,5
1,16,93,5
1,17,93,5
1,18,93,5
1,19,93,6
1,20,93,6
1,21,93,7
1,22,93,8
1,23,93,8
1,24,93,9
1,25,93,9
1,26,93,10
1,27,93,10
1,28,93,12
1,0,94,1
1,1,94,1
1,2,94,1
1,3,94,1
1,4,94,2
1,5,94,2
1,6,94,2
1,7,94,2
1,8,94,3
1,9,94,3
1,10,94,3
1,11,94,3
1,12,94,4
1,13,94,4
1,14,94,5
1,15,94,5
1,16,94,5
1,17,94,5
1,18,94,5
1,19,94,6
1,20,94,7
1,21,94,7
1,22,94,8
1,23,94,8
1,24,94,9
1,25,94,9
1,26,94,10
1,27,94,10
1,28,94,12
1,0,95,1
1,1,95,1
1,2,95,1
1,3,95,1
1,4,95,2
1,5,95,2
1,6,95,2
1,7,95,2
1,8,95,3
1,9,95,3
1,10,95,3
1,11,95,3
1,12,95,4
1,13,95,4
1,14,95,5
1,15,95,5
1,16,95,5
1,17,95,5
1,18,95,5
1,19,95,6
1,20,95,7
1,21,95,7
1,22,95,8
1,23,95,8
1,24,95,9
1,25,95,9
1,26,95,10
1,27,95,11
1,28,95,12
1,0,96,1
1,1,96,1
1,2,96,1
1,3,96,1
1,4,96,2
1,5,96,2
1,6,96,2
1,7,96,2
1,8,96,3
1,9,96,3
1,10,96,3
1,11,96,3
1,12,96,4
1,13,96,4
1,14,96,5
1,15,96,5
1,16,96,5
1,17,96,5
1,18,96,6
1,19,96,6
1,20,96,7
1,21,96,7
1,22,96,8
1,23,96,8
1,24,96,9
1,25,96,9
1,26,96,10
1,27,96,11
1,28,96,12
1,0,97,1
1,1,97,1
1,2,97,1
1,3,97,1
1,4,97,2
1,5,97,2
1,6,97,2
1,7,97,2
1,8,97,3
1,9,97,3
1,10,97,3
1,11,97,3
1,12,97,4
1,13,97,4
1,14,97,5
1,15,97,5
1,16,97,5
1,17,97,5
1,18,97,6
1,19,97,6
1,20,97,7
1,21,97,7
1,22,97,8
1,23,97,8
1,24,97,9
1,25,97,9
1,26,97,10
1,27,97,11
1,28,97,12
1,0,98,1
1,1,98,1
1,2,98,1
1,3,98,1
1,4,98,2
1,5,98,2
1,6,98,2
1,7,98,2
1,8,98,3
1,9,98,3
1,10,98,3
1,11,98,3
1,12,98,4
1,13,98,4
1,14,98,5
1,15,98,5
1,16,98,5
1,17,98,5
1,18,98,6
1,19,98,6
1,20,98,7
1,21,98,7
1,22,98,8
1,23,98,8
1,24,98,9
1,25,98,10
1,26,98,10
1,27,98,11
1,28,98,13
1,0,99,1
1,1,99,1
1,2,99,1
1,3,99,1
1,4,99,2
1,5,99,2
1,6,99,2
1,7,99,2
1,8,99,3
1,9,99,3
1,10,99,3
1,11,99,3
1,12,99,4
1,13,99,4
1,14,99,5
1,15,99,5
1,16,99,5
1,17,99,5
1,18,99,6
1,19,99,6
1,20,99,7
1,21,99,7
1,22,99,8
1,23,99,8
1,24,99,9
1,25,99,10
1,26,99,11
1,27,99,11
1,28,99,13
1,0,100,1
1,1,100,1
1,2,100,1
1,3,100,1
1,4,100,2
1,5,100,2
1,6,100,2
1,7,100,2
1,8,100,3
1,9,100,3
1,10,100,3
1,11,100,3
1,12,100,4
1,13,100,4
1,14,100,5
1,15,100,5
1,16,100,5
1,17,100,5
1,18,100,6
1,19,100,6
1,20,100,7
1,21,100,8
1,22,100,8
1,23,100,9
1,24,100,9
1,25,100,10
1,26,100,11
1,27,100,11
1,28,100,13
1,0,101,1
1,1,101,1
1,2,101,1
1,3,101,1
1,4,101,2
1,5,101,2
1,6,101,2
1,7,101,2
1,8,101,3
1,9,101,3
1,10,101,3
1,11,101,3
1,12,101,4
1,13,101,4
1,14,101,5
1,15,101,5
1,16,101,5
1,17,101,5
1,18,101,6
1,19,101,6
1,20,101,7
1,21,101,8
1,22,101,8
1,23,101,9
1,24,101,9
1,25,101,10
1,26,101,11
1,27,101,11
1,28,101,13
1,0,102,1
1,1,102,1
1,2,102,1
1,3,102,1
1,4,102,2
1,5,102,2
1,6,102,2
1,7,102,3
1,8,102,3
1,9,102,3
1,10,102,3
1,11,102,3
1,12,102,4
1,13,102,4
1,14,102,5
1,15,102,5
1,16,102,6
1,17,102,6
1,18,102,6
1,19,102,6
1,20,102,7
1,21,102,8
1,22,102,8
1,23,102,9
1,24,102,9
1,25,102,10
1,26,102,11
1,27,102,11
1,28,102,13
1,0,103,1
1,1,103,1
1,2,103,1
1,3,103,1
1,4,103,2
1,5,103,2
1,6,103,2
1,7,103,3
1,8,103,3
1,9,103,3
1,10,103,3
1,11,103,3
1,12,103,4
1,13,103,4
1,14,103,5
1,15,103,5
1,16,103,6
1,17,103,6
1,18,103,6
1,19,103,6
1,20,103,7
1,21,103,8
1,22,103,8
1,23,103,9
1,24,103,9
1,25,103,10
1,26,103,11
1,27,103,11
1,28,103,13
1,0,104,1
1,1,104,1
1,2,104,1
1,3,104,1
1,4,104,2
1,5,104,2
1,6,104,2
1,7,104,3
1,8,104,3
1,9,104,3
1,10,104,3
1,11,104,3
1,12,104,4
1,13,104,4
1,14,104,5
1,15,104,5
1,16,104,6
1,17,104,6
1,18,104,6
1,19,104,7
1,20,104,7
1,21,104,8
1,22,104,8
1,23,104,9
1,24,104,10
1,25,104,10
1,26,104,11
1,27,104,11
1,28,104,13
1,0,105,1
1,1,105,1
1,2,105,1
1,3,105,2
1,4,105,2
1,5,105,2
1,6,105,2
1,7,105,3
1,8,105,3
1,9,105,3
1,10,105,3
1,11,105,3
1,12,105,4
1,13,105,4
1,14,105,5
1,15,105,5
1,16,105,6
1,17,105,6
1,18,105,6
1,19,105,7
1,20,105,7
1,21,105,8
1,22,105,8
1,23,105,9
1,24,105,10
1,25,105,10
1,26,105,11
1,27,105,11
1,28,105,13
1,0,106,1
1,1,106,1
1,2,106,1
1,3,106,2
1,4,106,2
1,5,106,2
1,6,106,2
1,7,106,3
1,8,106,3
1,9,106,3
1,10,106,3
1,11,106,3
1,12,106,4
1,13,106,5
1,14,106,5
1,15,106,5
1,16,106,6
1,17,106,6
1,18,106,6
1,19,106,7
1,20,106,7
1,21,106,8
1,22,106,8
1,23,106,9
1,24,106,10
1,25,106,11
1,26,106,11
1,27,106,11
1,28,106,13
1,0,107,1
1,1,107,1
1,2,107,1
1,3,107,2
1,4,107,2
1,5,107,2
1,6,107,2
1,7,107,3
1,8,107,3
1,9,107,3
1,10,107,3
1,11,107,4
1,12,107,4
1,13,107,5
1,14,107,5
1,15,107,5
1,16,107,6
1,17,107,6
1,18,107,6
1,19,107,7
1,20,107,7
1,21,107,8
1,22,107,8
1,23,107,9
1,24,107,10
1,25,107,11
1,26,107,11
1,27,107,12
1,28,107,13
1,0,108,1
1,1,108,1
1,2,108,1
1,3,108,2
1,4,108,2
1,5,108,2
1,6,108,2
1,7,108,3
1,8,108,3
1,9,108,3
1,10,108,3
1,11,108,4
1,12,108,4
1,13,108,5
1,14,108,5
1,15,108,5
1,16,108,6
1,17,108,6
1,18,108,6
1,19,108,7
1,20,108,7
1,21,108,8
1,22,108,9
1,23,108,9
1,24,108,10
1,25,108,11
1,26,108,11
1,27,108,12
1,28,108,13
1,0,109,1
1,1,109,1
1,2,109,1
1,3,109,2
1,4,109,2
1,5,109,2
1,6,109,2
1,7,109,3
1,8,109,3
1,9,109,3
1,10,109,3
1,11,109,4
1,12,109,4
1,13,109,5
1,14,109,5
1,15,109,6
1,16,109,6
1,17,109,6
1,18,109,6
1,19,109,7
1,20,109,8
1,21,109,8
1,22,109,9
1,23,109,9
1,24,109,10
1,25,109,11
1,26,109,11
1,27,109,12
1,28,109,13
1,0,110,1
1,1,110,1
1,2,110,1
1,3,110,2
1,4,110,2
1,5,110,2
1,6,110,2
1,7,110,3
1,8,110,3
1,9,110,3
1,10,110,3
1,11,110,4
1,12,110,4
1,13,110,5
1,14,110,5
1,15,110,6
1,16,110,6
1,17,110,6
1,18,110,6
1,19,110,7
1,20,110,8
1,21,110,8
1,22,110,9
1,23,110,9
1,24,110,10
1,25,110,11
1,26,110,11
1,27,110,12
1,28,110,13
0,0,1,1
0,1,1,1
0,2,1,1
0,3,1,1
0,4,1,1
0,5,1,1
0,6,1,1
0,7,1,1
0,8,1,1
0,9,1,1
0,10,1,1
0,11,1,1
0,12,1,1
0,13,1,1
0,14,1,1
0,15,1,1
0,16,1,1
0,17,1,1
0,18,1,1
0,19,1,1
0,20,1,1
0,21,1,1
0,22,1,1
0,23,1,1
0,24,1,1
0,25,1,1
0,26,1,1
0,27,1,1
0,28,1,1
0,0,2,1
0,1,2,1
0,2,2,1
0,3,2,1
0,4,2,1
0,5,2,1
0,6,2,1
0,7,2,1
0,8,2,1
0,9,2,1
0,10,2,1
0,11,2,1
0,12,2,1
0,13,2,1
0,14,2,1
0,15,2,1
0,16,2,1
0,17,2,1
0,18,2,1
0,19,2,1
0,20,2,1
0,21,2,1
0,22,2,1
0,23,2,1
0,24,2,1
0,25,2,1
0,26,2,1
0,27,2,1
0,28,2,1
0,0,3,1
0,1,3,1
0,2,3,1
0,3,3,1
0,4,3,1
0,5,3,1
0,6,3,1
0,7,3,1
0,8,3,1
0,9,3,1
0,10,3,1
0,11,3,1
0,12,3,1
0,13,3,1
0,14,3,1
0,15,3,1
0,16,3,1
0,17,3,1
0,18,3,1
0,19,3,1
0,20,3,1
0,21,3,1
0,22,3,1
0,23,3,1
0,24,3,1
0,25,3,1
0,26,3,1
0,27,3,1
0,28,3,1
0,0,4,1
0,1,4,1
0,2,4,1
0,3,4,1
0,4,4,1
0,5,4,1
0,6,4,1
0,7,4,1
0,8,4,1
0,9,4,1
0,10,4,1
0,11,4,1
0,12,4,1
0,13,4,1
0,14,4,1
0,15,4,1
0,16,4,1
0,17,4,1
0,18,4,1
0,19,4,1
0,20,4,1
0,21,4,1
0,22,4,1
0,23,4,1
0,24,4,1
0,25,4,1
0,26,4,1
0,27,4,1
0,28,4,1
0,0,5,1
0,1,5,1
0,2,5,1
0,3,5,1
0,4,5,1
0,5,5,1
0,6,5,1
0,7,5,1
0,8,5,1
0,9,5,1
0,10,5,1
0,11,5,1
0,12,5,1
0,13,5,1
0,14,5,1
0,15,5,1
0,16,5,1
0,17,5,1
0,18,5,1
0,19,5,1
0,20,5,1
0,21,5,1
0,22,5,1
0,23,5,1
0,24,5,1
0,25,5,1
0,26,5,1
0,27,5,1
0,28,5,1
0,0,6,1
0,1,6,1
0,2,6,1
0,3,6,1
0,4,6,1
0,5,6,1
0,6,6,1
0,7,6,1
0,8,6,1
0,9,6,1
0,10,6,1
0,11,6,1
0,12,6,1
0,13,6,1
0,14,6,1
0,15,6,1
0,16,6,1
0,17,6,1
0,18,6,1
0,19,6,1
0,20,6,1
0,21,6,1
0,22,6,1
0,23,6,1
0,24,6,1
0,25,6,1
0,26,6,1
0,27,6,1
0,28,6,1
0,0,7,1
0,1,7,1
0,2,7,1
0,3,7,1
0,4,7,1
0,5,7,1
0,6,7,1
0,7,7,1
0,8,7,1
0,9,7,1
0,10,7,1
0,11,7,1
0,12,7,1
0,13,7,1
0,14,7,1
0,15,7,1
0,16,7,1
0,17,7,1
0,18,7,1
0,19,7,1
0,20,7,1
0,21,7,1
0,22,7,1
0,23,7,1
0,24,7,1
0,25,7,1
0,26,7,1
0,27,7,1
0,28,7,1
0,0,8,1
0,1,8,1
0,2,8,1
0,3,8,1
0,4,8,1
0,5,8,1
0,6,8,1
0,7,8,1
0,8,8,1
0,9,8,1
0,10,8,1
0,11,8,1
0,12,8,1
0,13,8,1
0,14,8,1
0,15,8,1
0,16,8,1
0,17,8,1
0,18,8,1
0,19,8,1
0,20,8,1
0,21,8,1
0,22,8,1
0,23,8,1
0,24,8,1
0,25,8,1
0,26,8,1
0,27,8,1
0,28,8,1
0,0,9,1
0,1,9,1
0,2,9,1
0,3,9,1
0,4,9,1
0,5,9,1
0,6,9,1
0,7,9,1
0,8,9,1
0,9,9,1
0,10,9,1
0,11,9,1
0,12,9,1
0,13,9,1
0,14,9,1
0,15,9,1
0,16,9,1
0,17,9,1
0,18,9,1
0,19,9,1
0,20,9,1
0,21,9,1
0,22,9,1
0,23,9,1
0,24,9,1
0,25,9,1
0,26,9,1
0,27,9,1
0,28,9,2
0,0,10,1
0,1,10,1
0,2,10,1
0,3,10,1
0,4,10,1
0,5,10,1
0,6,10,1
0,7,10,1
0,8,10,1
0,9,10,1
0,10,10,1
0,11,10,1
0,12,10,1
0,13,10,1
0,14,10,1
0,15,10,1
0,16,10,1
0,17,10,1
0,18,10,1
0,19,10,1
0,20,10,1
0,21,10,1
0,22,10,1
0,23,10,1
0,24,10,1
0,25,10,1
0,26,10,1
0,27,10,2
0,28,10,2
0,0,11,1
0,1,11,1
0,2,11,1
0,3,11,1
0,4,11,1
0,5,11,1
0,6,11,1
0,7,11,1
0,8,11,1
0,9,11,1
0,10,11,1
0,11,11,1
0,12,11,1
0,13,11,1
0,14,11,1
0,15,11,1
0,16,11,1
0,17,11,1
0,18,11,1
0,19,11,1
0,20,11,1
0,21,11,1
0,22,11,1
0,23,11,1
0,24,11,1
0,25,11,2
0,26,11,2
0,27,11,2
0,28,11,2
0,0,12,1
0,1,12,1
0,2,12,1
0,3,12,1
0,4,12,1
0,5,12,1
0,6,12,1
0,7,12,1
0,8,12,1
0,9,12,1
0,10,12,1
0,11,12,1
0,12,12,1
0,13,12,1
0,14,12,1
0,15,12,1
0,16,12,1
0,17,12,1
0,18,12,1
0,19,12,1
0,20,12,1
0,21,12,1
0,22,12,1
0,23,12,1
0,24,12,2
0,25,12,2
0,26,12,2
0,27,12,2
0,28,12,2
0,0,13,1
0,1,13,1
0,2,13,1
0,3,13,1
0,4,13,1
0,5,13,1
0,6,13,1
0,7,13,1
0,8,13,1
0,9,13,1
0,10,13,1
0,11,13,1
0,12,13,1
0,13,13,1
0,14,13,1
0,15,13,1
0,16,13,1
0,17,13,1
0,18,13,1
0,19,13,1
0,20,13,1
0,21,13,1
0,22,13,1
0,23,13,2
0,24,13,2
0,25,13,2
0,26,13,2
0,27,13,2
0,28,13,2
0,0,14,1
0,1,14,1
0,2,14,1
0,3,14,1
0,4,14,1
0,5,14,1
0,6,14,1
0,7,14,1
0,8,14,1
0,9,14,1
0,10,14,1
0,11,14,1
0,12,14,1
0,13,14,1
0,14,14,1
0,15,14,1
0,16,14,1
0,17,14,1
0,18,14,1
0,19,14,1
0,20,14,1
0,21,14,1
0,22,14,2
0,23,14,2
0,24,14,2
0,25,14,2
0,26,14,2
0,27,14,2
0,28,14,2
0,0,15,1
0,1,15,1
0,2,15,1
0,3,15,1
0,4,15,1
0,5,15,1
0,6,15,1
0,7,15,1
0,8,15,1
0,9,15,1
0,10,15,1
0,11,15,1
0,12,15,1
0,13,15,1
0,14,15,1
0,15,15,1
0,16,15,1
0,17,15,1
0,18,15,1
0,19,15,1
0,20,15,2
0,21,15,2
0,22,15,2
0,23,15,2
0,24,15,2
0,25,15,2
0,26,15,2
0,27,15,2
0,28,15,2
0,0,16,1
0,1,16,1
0,2,16,1
0,3,16,1
0,4,16,1
0,5,16,1
0,6,16,1
0,7,16,1
0,8,16,1
0,9,16,1
0,10,16,1
0,11,16,1
0,12,16,1
0,13,16,1
0,14,16,1
0,15,16,1
0,16,16,1
0,17,16,1
0,18,16,1
0,19,16,2
0,20,16,2
0,21,16,2
0,22,16,2
0,23,16,2
0,24,16,2
0,25,16,2
0,26,16,2
0,27,16,2
0,28,16,2
0,0,17,1
0,1,17,1
0,2,17,1
0,3,17,1
0,4,17,1
0,5,17,1
0,6,17,1
0,7,17,1
0,8,17,1
0,9,17,1
0,10,17,1
0,11,17,1
0,12,17,1
0,13,17,1
0,14,17,1
0,15,17,1
0,16,17,1
0,17,17,1
0,18,17,2
0,19,17,2
0,20,17,2
0,21,17,2
0,22,17,2
0,23,17,2
0,24,17,2
0,25,17,2
0,26,17,2
0,27,17,2
0,28,17,3
0,0,18,1
0,1,18,1
0,2,18,1
0,3,18,1
0,4,18,1
0,5,18,1
0,6,18,1
0,7,18,1
0,8,18,1
0,9,18,1
0,10,18,1
0,11,18,1
0,12,18,1
0,13,18,1
0,14,18,1
0,15,18,1
0,16,18,1
0,17,18,1
0,18,18,2
0,19,18,2
0,20,18,2
0,21,18,2
0,22,18,2
0,23,18,2
0,24,18,2
0,25,18,2
0,26,18,2
0,27,18,2
0,28,18,3
0,0,19,1
0,1,19,1
0,2,19,1
0,3,19,1
0,4,19,1
0,5,19,1
0,6,19,1
0,7,19,1
0,8,19,1
0,9,19,1
0,10,19,1
0,11,19,1
0,12,19,1
0,13,19,1
0,14,19,1
0,15,19,1
0,16,19,1
0,17,19,2
0,18,19,2
0,19,19,2
0,20,19,2
0,21,19,2
0,22,19,2
0,23,19,2
0,24,19,2
0,25,19,2
0,26,19,2
0,27,19,2
0,28,19,3
0,0,20,1
0,1,20,1
0,2,20,1
0,3,20,1
0,4,20,1
0,5,20,1
0,6,20,1
0,7,20,1
0,8,20,1
0,9,20,1
0,10,20,1
0,11,20,1
0,12,20,1
0,13,20,1
0,14,20,1
0,15,20,1
0,16,20,2
0,17,20,2
0,18,20,2
0,19,20,2
0,20,20,2
0,21,20,2
0,22,20,2
0,23,20,2
0,24,20,2
0,25,20,2
0,26,20,2
0,27,20,3
0,28,20,3
0,0,21,1
0,1,21,1
0,2,21,1
0,3,21,1
0,4,21,1
0,5,21,1
0,6,21,1
0,7,21,1
0,8,21,1
0,9,21,1
0,10,21,1
0,11,21,1
0,12,21,1
0,13,21,1
0,14,21,1
0,15,21,1
0,16,21,2
0,17,21,2
0,18,21,2
0,19,21,2
0,20,21,2
0,21,21,2
0,22,21,2
0,23,21,2
0,24,21,2
0,25,21,2
0,26,21,3
0,27,21,3
0,28,21,3
0,0,22,1
0,1,22,1
0,2,22,1
0,3,22,1
0,4,22,1
0,5,22,1
0,6,22,1
0,7,22,1
0,8,22,1
0,9,22,1
0,10,22,1
0,11,22,1
0,12,22,1
0,13,22,1
0,14,22,1
0,15,22,2
0,16,22,2
0,17,22,2
0,18,22,2
0,19,22,2
0,20,22,2
0,21,22,2
0,22,22,2
0,23,22,2
0,24,22,2
0,25,22,3
0,26,22,3
0,27,22,3
0,28,22,3
0,0,23,1
0,1,23,1
0,2,23,1
0,3,23,1
0,4,23,1
0,5,23,1
0,6,23,1
0,7,23,1
0,8,23,1
0,9,23,1
0,10,23,1
0,11,23,1
0,12,23,1
0,13,23,1
0,14,23,1
0,15,23,2
0,16,23,2
0,17,23,2
0,18,23,2
0,19,23,2
0,20,23,2
0,21,23,2
0,22,23,2
0,23,23,2
0,24,23,3
0,25,23,3
0,26,23,3
0,27,23,3
0,28,23,3
0,0,24,1
0,1,24,1
0,2,24,1
0,3,24,1
0,4,24,1
0,5,24,1
0,6,24,1
0,7,24,1
0,8,24,1
0,9,24,1
0,10,24,1
0,11,24,1
0,12,24,1
0,13,24,1
0,14,24,2
0,15,24,2
0,16,24,2
0,17,24,2
0,18,24,2
0,19,24,2
0,20,24,2
0,21,24,2
0,22,24,2
0,23,24,2
0,24,24,3
0,25,24,3
0,26,24,3
0,27,24,3
0,28,24,3
0,0,25,1
0,1,25,1
0,2,25,1
0,3,25,1
0,4,25,1
0,5,25,1
0,6,25,1
0,7,25,1
0,8,25,1
0,9,25,1
0,10,25,1
0,11,25,1
0,12,25,1
0,13,25,1
0,14,25,2
0,15,25,2
0,16,25,2
0,17,25,2
0,18,25,2
0,19,25,2
0,20,25,2
0,21,25,2
0,22,25,2
0,23,25,3
0,24,25,3
0,25,25,3
0,26,25,3
0,27,25,3
0,28,25,3
0,0,26,1
0,1,26,1
0,2,26,1
0,3,26,1
0,4,26,1
0,5,26,1
0,6,26,1
0,7,26,1
0,8,26,1
0,9,26,1
0,10,26,1
0,11,26,1
0,12,26,1
0,13,26,1
0,14,26,2
0,15,26,2
0,16,26,2
0,17,26,2
0,18,26,2
0,19,26,2
0,20,26,2
0,21,26,2
0,22,26,2
0,23,26,3
0,24,26,3
0,25,26,3
0,26,26,3
0,27,26,3
0,28,26,4
0,0,27,1
0,1,27,1
0,2,27,1
0,3,27,1
0,4,27,1
0,5,27,1
0,6,27,1
0,7,27,1
0,8,27,1
0,9,27,1
0,10,27,1
0,11,27,1
0,12,27,1
0,13,27,2
0,14,27,2
0,15,27,2
0,16,27,2
0,17,27,2
0,18,27,2
0,19,27,2
0,20,27,2
0,21,27,2
0,22,27,3
0,23,27,3
0,24,27,3
0,25,27,3
0,26,27,3
0,27,27,3
0,28,27,4
0,0,28,1
0,1,28,1
0,2,28,1
0,3,28,1
0,4,28,1
0,5,28,1
0,6,28,1
0,7,28,1
0,8,28,1
0,9,28,1
0,10,28,1
0,11,28,1
0,12,28,1
0,13,28,2
0,14,28,2
0,15,28,2
0,16,28,2
0,17,28,2
0,18,28,2
0,19,28,2
0,20,28,2
0,21,28,2
0,22,28,3
0,23,28,3
0,24,28,3
0,25,28,3
0,26,28,3
0,27,28,3
0,28,28,4
0,0,29,1
0,1,29,1
0,2,29,1
0,3,29,1
0,4,29,1
0,5,29,1
0,6,29,1
0,7,29,1
0,8,29,1
0,9,29,1
0,10,29,1
0,11,29,1
0,12,29,1
0,13,29,2
0,14,29,2
0,15,29,2
0,16,29,2
0,17,29,2
0,18,29,2
0,19,29,2
0,20,29,3
0,21,29,3
0,22,29,3
0,23,29,3
0,24,29,3
0,25,29,3
0,26,29,3
0,27,29,3
0,28,29,4
0,0,30,1
0,1,30,1
0,2,30,1
0,3,30,1
0,4,30,1
0,5,30,1
0,6,30,1
0,7,30,1
0,8,30,1
0,9,30,1
0,10,30,1
0,11,30,1
0,12,30,1
0,13,30,2
0,14,30,2
0,15,30,2
0,16,30,2
0,17,30,2
0,18,30,2
0,19,30,2
0,20,30,3
0,21,30,3
0,22,30,3
0,23,30,3
0,24,30,3
0,25,30,3
0,26,30,3
0,27,30,4
0,28,30,4
0,0,31,1
0,1,31,1
0,2,31,1
0,3,31,1
0,4,31,1
0,5,31,1
0,6,31,1
0,7,31,1
0,8,31,1
0,9,31,1
0,10,31,1
0,11,31,1
0,12,31,2
0,13,31,2
0,14,31,2
0,15,31,2
0,16,31,2
0,17,31,2
0,18,31,2
0,19,31,2
0,20,31,3
0,21,31,3
0,22,31,3
0,23,31,3
0,24,31,3
0,25,31,3
0,26,31,4
0,27,31,4
0,28,31,4
0,0,32,1
0,1,32,1
0,2,32,1
0,3,32,1
0,4,32,1
0,5,32,1
0,6,32,1
0,7,32,1
0,8,32,1
0,9,32,1
0,10,32,1
0,11,32,1
0,12,32,2
0,13,32,2
0,14,32,2
0,15,32,2
0,16,32,2
0,17,32,2
0,18,32,2
0,19,32,3
0,20,32,3
0,21,32,3
0,22,32,3
0,23,32,3
0,24,32,3
0,25,32,3
0,26,32,4
0,27,32,4
0,28,32,4
0,0,33,1
0,1,33,1
0,2,33,1
0,3,33,1
0,4,33,1
0,5,33,1
0,6,33,1
0,7,33,1
0,8,33,1
0,9,33,1
0,10,33,1
0,11,33,1
0,12,33,2
0,13,33,2
0,14,33,2
0,15,33,2
0,16,33,2
0,17,33,2
0,18,33,2
0,19,33,3
0,20,33,3
0,21,33,3
0,22,33,3
0,23,33,3
0,24,33,3
0,25,33,4
0,26,33,4
0,27,33,4
0,28,33,5
0,0,34,1
0,1,34,1
0,2,34,1
0,3,34,1
0,4,34,1
0,5,34,1
0,6,34,1
0,7,34,1
0,8,34,1
0,9,34,1
0,10,34,1
0,11,34,1
0,12,34,2
0,13,34,2
0,14,34,2
0,15,34,2
0,16,34,2
0,17,34,2
0,18,34,2
0,19,34,3
0,20,34,3
0,21,34,3
0,22,34,3
0,23,34,3
0,24,34,3
0,25,34,4
0,26,34,4
0,27,34,4
0,28,34,5
0,0,35,1
0,1,35,1
0,2,35,1
0,3,35,1
0,4,35,1
0,5,35,1
0,6,35,1
0,7,35,1
0,8,35,1
0,9,35,1
0,10,35,2
0,11,35,2
0,12,35,2
0,13,35,2
0,14,35,2
0,15,35,2
0,16,35,2
0,17,35,2
0,18,35,3
0,19,35,3
0,20,35,3
0,21,35,3
0,22,35,3
0,23,35,3
0,24,35,4
0,25,35,4
0,26,35,4
0,27,35,4
0,28,35,5
0,0,36,1
0,1,36,1
0,2,36,1
0,3,36,1
0,4,36,1
0,5,36,1
0,6,36,1
0,7,36,1
0,8,36,1
0,9,36,1
0,10,36,2
0,11,36,2
0,12,36,2
0,13,36,2
0,14,36,2
0,15,36,2
0,16,36,2
0,17,36,2
0,18,36,3
0,19,36,3
0,20,36,3
0,21,36,3
0,22,36,3
0,23,36,3
0,24,36,4
0,25,36,4
0,26,36,4
0,27,36,4
0,28,36,5
0,0,37,1
0,1,37,1
0,2,37,1
0,3,37,1
0,4,37,1
0,5,37,1
0,6,37,1
0,7,37,1
0,8,37,1
0,9,37,1
0,10,37,2
0,11,37,2
0,12,37,2
0,13,37,2
0,14,37,2
0,15,37,2
0,16,37,2
0,17,37,2
0,18,37,3
0,19,37,3
0,20,37,3
0,21,37,3
0,22,37,3
0,23,37,3
0,24,37,4
0,25,37,4
0,26,37,4
0,27,37,4
0,28,37,5
0,0,38,1
0,1,38,1
0,2,38,1
0,3,38,1
0,4,38,1
0,5,38,1
0,6,38,1
0,7,38,1
0,8,38,1
0,9,38,1
0,10,38,2
0,11,38,2
0,12,38,2
0,13,38,2
0,14,38,2
0,15,38,2
0,16,38,2
0,17,38,2
0,18,38,3
0,19,38,3
0,20,38,3
0,21,38,3
0,22,38,3
0,23,38,4
0,24,38,4
0,25,38,4
0,26,38,4
0,27,38,5
0,28,38,5
0,0,39,1
0,1,39,1
0,2,39,1
0,3,39,1
0,4,39,1
0,5,39,1
0,6,39,1
0,7,39,1
0,8,39,1
0,9,39,2
0,10,39,2
0,11,39,2
0,12,39,2
0,13,39,2
0,14,39,2
0,15,39,2
0,16,39,2
0,17,39,3
0,18,39,3
0,19,39,3
0,20,39,3
0,21,39,3
0,22,39,3
0,23,39,4
0,24,39,4
0,25,39,4
0,26,39,4
0,27,39,5
0,28,39,5
0,0,40,1
0,1,40,1
0,2,40,1
0,3,40,1
0,4,40,1
0,5,40,1
0,6,40,1
0,7,40,1
0,8,40,1
0,9,40,2
0,10,40,2
0,11,40,2
0,12,40,2
0,13,40,2
0,14,40,2
0,15,40,2
0,16,40,2
0,17,40,3
0,18,40,3
0,19,40,3
0,20,40,3
0,21,40,3
0,22,40,3
0,23,40,4
0,24,40,4
0,25,40,4
0,26,40,5
0,27,40,5
0,28,40,5
0,0,41,1
0,1,41,1
0,2,41,1
0,3,41,1
0,4,41,1
0,5,41,1
0,6,41,1
0,7,41,1
0,8,41,1
0,9,41,2
0,10,41,2
0,11,41,2
0,12,41,2
0,13,41,2
0,14,41,2
0,15,41,2
0,16,41,3
0,17,41,3
0,18,41,3
0,19,41,3
0,20,41,3
0,21,41,3
0,22,41,4
0,23,41,4
0,24,41,4
0,25,41,4
0,26,41,5
0,27,41,5
0,28,41,5
0,0,42,1
0,1,42,1
0,2,42,1
0,3,42,1
0,4,42,1
0,5,42,1
0,6,42,1
0,7,42,1
0,8,42,1
0,9,42,2
0,10,42,2
0,11,42,2
0,12,42,2
0,13,42,2
0,14,42,2
0,15,42,2
0,16,42,3
0,17,42,3
0,18,42,3
0,19,42,3
0,20,42,3
0,21,42,3
0,22,42,4
0,23,42,4
0,24,42,4
0,25,42,5
0,26,42,5
0,27,42,5
0,28,42,5
0,0,43,1
0,1,43,1
0,2,43,1
0,3,43,1
0,4,43,1
0,5,43,1
0,6,43,1
0,7,43,1
0,8,43,1
0,9,43,2
0,10,43,2
0,11,43,2
0,12,43,2
0,13,43,2
0,14,43,2
0,15,43,2
0,16,43,3
0,17,43,3
0,18,43,3
0,19,43,3
0,20,43,3
0,21,43,3
0,22,43,4
0,23,43,4
0,24,43,4
0,25,43,5
0,26,43,5
0,27,43,5
0,28,43,6
0,0,44,1
0,1,44,1
0,2,44,1
0,3,44,1
0,4,44,1
0,5,44,1
0,6,44,1
0,7,44,1
0,8,44,2
0,9,44,2
0,10,44,2
0,11,44,2
0,12,44,2
0,13,44,2
0,14,44,2
0,15,44,3
0,16,44,3
0,17,44,3
0,18,44,3
0,19,44,3
0,20,44,4
0,21,44,4
0,22,44,4
0,23,44,4
0,24,44,4
0,25,44,5
0,26,44,5
0,27,44,5
0,28,44,6
0,0,45,1
0,1,45,1
0,2,45,1
0,3,45,1
0,4,45,1
0,5,45,1
0,6,45,1
0,7,45,1
0,8,45,2
0,9,45,2
0,10,45,2
0,11,45,2
0,12,45,2
0,13,45,2
0,14,45,2
0,15,45,3
0,16,45,3
0,17,45,3
0,18,45,3
0,19,45,3
0,20,45,4
0,21,45,4
0,22,45,4
0,23,45,4
0,24,45,5
0,25,45,5
0,26,45,5
0,27,45,5
0,28,45,6
0,0,46,1
0,1,46,1
0,2,46,1
0,3,46,1
0,4,46,1
0,5,46,1
0,6,46,1
0,7,46,1
0,8,46,2
0,9,46,2
0,10,46,2
0,11,46,2
0,12,46,2
0,13,46,2
0,14,46,2
0,15,46,3
0,16,46,3
0,17,46,3
0,18,46,3
0,19,46,3
0,20,46,4
0,21,46,4
0,22,46,4
0,23,46,4
0,24,46,5
0,25,46,5
0,26,46,5
0,27,46,5
0,28,46,6
0,0,47,1
0,1,47,1
0,2,47,1
0,3,47,1
0,4,47,1
0,5,47,1
0,6,47,1
0,7,47,1
0,8,47,2
0,9,47,2
0,10,47,2
0,11,47,2
0,12,47,2
0,13,47,2
0,14,47,2
0,15,47,3
0,16,47,3
0,17,47,3
0,18,47,3
0,19,47,3
0,20,47,4
0,21,47,4
0,22,47,4
0,23,47,4
0,24,47,5
0,25,47,5
0,26,47,5
0,27,47,5
0,28,47,6
0,0,48,1
0,1,48,1
0,2,48,1
0,3,48,1
0,4,48,1
0,5,48,1
0,6,48,1
0,7,48,1
0,8,48,2
0,9,48,2
0,10,48,2
0,11,48,2
0,12,48,2
0,13,48,2
0,14,48,2
0,15,48,3
0,16,48,3
0,17,48,3
0,18,48,3
0,19,48,4
0,20,48,4
0,21,48,4
0,22,48,4
0,23,48,5
0,24,48,5
0,25,48,5
0,26,48,5
0,27,48,5
0,28,48,6
0,0,49,1
0,1,49,1
0,2,49,1
0,3,49,1
0,4,49,1
0,5,49,1
0,6,49,1
0,7,49,1
0,8,49,2
0,9,49,2
0,10,49,2
0,11,49,2
0,12,49,2
0,13,49,2
0,14,49,3
0,15,49,3
0,16,49,3
0,17,49,3
0,18,49,3
0,19,49,4
0,20,49,4
0,21,49,4
0,22,49,4
0,23,49,5
0,24,49,5
0,25,49,5
0,26,49,5
0,27,49,6
0,28,49,6
0,0,50,1
0,1,50,1
0,2,50,1
0,3,50,1
0,4,50,1
0,5,50,1
0,6,50,1
0,7,50,2
0,8,50,2
0,9,50,2
0,10,50,2
0,11,50,2
0,12,50,2
0,13,50,2
0,14,50,3
0,15,50,3
0,16,50,3
0,17,50,3
0,18,50,3
0,19,50,4
0,20,50,4
0,21,50,4
0,22,50,4
0,23,50,5
0,24,50,5
0,25,50,5
0,26,50,5
0,27,50,6
0,28,50,6
0,0,51,1
0,1,51,1
0,2,51,1
0,3,51,1
0,4,51,1
0,5,51,1
0,6,51,1
0,7,51,2
0,8,51,2
0,9,51,2
0,10,51,2
0,11,51,2
0,12,51,2
0,13,51,2
0,14,51,3
0,15,51,3
0,16,51,3
0,17,51,3
0,18,51,3
0,19,51,4
0,20,51,4
0,21,51,4
0,22,51,4
0,23,51,5
0,24,51,5
0,25,51,5
0,26,51,6
0,27,51,6
0,28,51,7
0,0,52,1
0,1,52,1
0,2,52,1
0,3,52,1
0,4,52,1
0,5,52,1
0,6,52,1
0,7,52,2
0,8,52,2
0,9,52,2
0,10,52,2
0,11,52,2
0,12,52,2
0,13,52,2
0,14,52,3
0,15,52,3
0,16,52,3
0,17,52,3
0,18,52,4
0,19,52,4
0,20,52,4
0,21,52,4
0,22,52,5
0,23,52,5
0,24,52,5
0,25,52,5
0,26,52,6
0,27,52,6
0,28,52,7
0,0,53,1
0,1,53,1
0,2,53,1
0,3,53,1
0,4,53,1
0,5,53,1
0,6,53,1
0,7,53,2
0,8,53,2
0,9,53,2
0,10,53,2
0,11,53,2
0,12,53,2
0,13,53,2
0,14,53,3
0,15,53,3
0,16,53,3
0,17,53,3
0,18,53,4
0,19,53,4
0,20,53,4
0,21,53,4
0,22,53,5
0,23,53,5
0,24,53,5
0,25,53,5
0,26,53,6
0,27,53,6
0,28,53,7
0,0,54,1
0,1,54,1
0,2,54,1
0,3,54,1
0,4,54,1
0,5,54,1
0,6,54,1
0,7,54,2
0,8,54,2
0,9,54,2
0,10,54,2
0,11,54,2
0,12,54,2
0,13,54,2
0,14,54,3
0,15,54,3
0,16,54,3
0,17,54,3
0,18,54,4
0,19,54,4
0,20,54,4
0,21,54,4
0,22,54,5
0,23,54,5
0,24,54,5
0,25,54,5
0,26,54,6
0,27,54,6
0,28,54,7
0,0,55,1
0,1,55,1
0,2,55,1
0,3,55,1
0,4,55,1
0,5,55,1
0,6,55,1
0,7,55,2
0,8,55,2
0,9,55,2
0,10,55,2
0,11,55,2
0,12,55,2
0,13,55,3
0,14,55,3
0,15,55,3
0,16,55,3
0,17,55,3
0,18,55,4
0,19,55,4
0,20,55,4
0,21,55,4
0,22,55,5
0,23,55,5
0,24,55,5
0,25,55,6
0,26,55,6
0,27,55,6
0,28,55,7
0,0,56,1
0,1,56,1
0,2,56,1
0,3,56,1
0,4,56,1
0,5,56,1
0,6,56,1
0,7,56,2
0,8,56,2
0,9,56,2
0,10,56,2
0,11,56,2
0,12,56,2
0,13,56,3
0,14,56,3
0,15,56,3
0,16,56,3
0,17,56,3
0,18,56,4
0,19,56,4
0,20,56,5
0,21,56,5
0,22,56,5
0,23,56,5
0,24,56,5
0,25,56,6
0,26,56,6
0,27,56,6
0,28,56,7
0,0,57,1
0,1,57,1
0,2,57,1
0,3,57,1
0,4,57,1
0,5,57,1
0,6,57,1
0,7,57,2
0,8,57,2
0,9,57,2
0,10,57,2
0,11,57,2
0,12,57,2
0,13,57,3
0,14,57,3
0,15,57,3
0,16,57,3
0,17,57,3
0,18,57,4
0,19,57,4
0,20,57,5
0,21,57,5
0,22,57,5
0,23,57,5
0,24,57,5
0,25,57,6
0,26,57,6
0,27,57,6
0,28,57,7
0,0,58,1
0,1,58,1
0,2,58,1
0,3,58,1
0,4,58,1
0,5,58,1
0,6,58,1
0,7,58,2
0,8,58,2
0,9,58,2
0,10,58,2
0,11,58,2
0,12,58,2
0,13,58,3
0,14,58,3
0,15,58,3
0,16,58,3
0,17,58,4
0,18,58,4
0,19,58,4
0,20,58,5
0,21,58,5
0,22,58,5
0,23,58,5
0,24,58,6
0,25,58,6
0,26,58,6
0,27,58,6
0,28,58,7
0,0,59,1
0,1,59,1
0,2,59,1
0,3,59,1
0,4,59,1
0,5,59,1
0,6,59,2
0,7,59,2
0,8,59,2
0,9,59,2
0,10,59,2
0,11,59,2
0,12,59,2
0,13,59,3
0,14,59,3
0,15,59,3
0,16,59,3
0,17,59,4
0,18,59,4
0,19,59,4
0,20,59,5
0,21,59,5
0,22,59,5
0,23,59,5
0,24,59,6
0,25,59,6
0,26,59,6
0,27,59,7
0,28,59,8
0,0,60,1
0,1,60,1
0,2,60,1
0,3,60,1
0,4,60,1
0,5,60,1
0,6,60,2
0,7,60,2
0,8,60,2
0,9,60,2
0,10,60,2
0,11,60,2
0,12,60,2
0,13,60,3
0,14,60,3
0,15,60,3
0,16,60,3
0,17,60,4
0,18,60,4
0,19,60,4
0,20,60,5
0,21,60,5
0,22,60,5
0,23,60,5
0,24,60,6
0,25,60,6
0,26,60,6
0,27,60,7
0,28,60,8
0,0,61,1
0,1,61,1
0,2,61,1
0,3,61,1
0,4,61,1
0,5,61,1
0,6,61,2
0,7,61,2
0,8,61,2
0,9,61,2
0,10,61,2
0,11,61,2
0,12,61,2
0,13,61,3
0,14,61,3
0,15,61,3
0,16,61,3
0,17,61,4
0,18,61,4
0,19,61,5
0,20,61,5
0,21,61,5
0,22,61,5
0,23,61,5
0,24,61,6
0,25,61,6
0,26,61,6
0,27,61,7
0,28,61,8
0,0,62,1
0,1,62,1
0,2,62,1
0,3,62,1
0,4,62,1
0,5,62,1
0,6,62,2
0,7,62,2
0,8,62,2
0,9,62,2
0,10,62,2
0,11,62,2
0,12,62,3
0,13,62,3
0,14,62,3
0,15,62,3
0,16,62,4
0,17,62,4
0,18,62,4
0,19,62,5
0,20,62,5
0,21,62,5
0,22,62,5
0,23,62,6
0,24,62,6
0,25,62,6
0,26,62,7
0,27,62,7
0,28,62,8
0,0,63,1
0,1,63,1
0,2,63,1
0,3,63,1
0,4,63,1
0,5,63,1
0,6,63,2
0,7,63,2
0,8,63,2
0,9,63,2
0,10,63,2
0,11,63,2
0,12,63,3
0,13,63,3
0,14,63,3
0,15,63,3
0,16,63,4
0,17,63,4
0,18,63,4
0,19,63,5
0,20,63,5
0,21,63,5
0,22,63,5
0,23,63,6
0,24,63,6
0,25,63,6
0,26,63,7
0,27,63,7
0,28,63,8
0,0,64,1
0,1,64,1
0,2,64,1
0,3,64,1
0,4,64,1
0,5,64,1
0,6,64,2
0,7,64,2
0,8,64,2
0,9,64,2
0,10,64,2
0,11,64,2
0,12,64,3
0,13,64,3
0,14,64,3
0,15,64,3
0,16,64,4
0,17,64,4
0,18,64,4
0,19,64,5
0,20,64,5
0,21,64,5
0,22,64,5
0,23,64,6
0,24,64,6
0,25,64,6
0,26,64,7
0,27,64,7
0,28,64,8
0,0,65,1
0,1,65,1
0,2,65,1
0,3,65,1
0,4,65,1
0,5,65,1
0,6,65,2
0,7,65,2
0,8,65,2
0,9,65,2
0,10,65,2
0,11,65,2
0,12,65,3
0,13,65,3
0,14,65,3
0,15,65,3
0,16,65,4
0,17,65,4
0,18,65,4
0,19,65,5
0,20,65,5
0,21,65,5
0,22,65,5
0,23,65,6
0,24,65,6
0,25,65,7
0,26,65,7
0,27,65,7
0,28,65,8
0,0,66,1
0,1,66,1
0,2,66,1
0,3,66,1
0,4,66,1
0,5,66,1
0,6,66,2
0,7,66,2
0,8,66,2
0,9,66,2
0,10,66,2
0,11,66,2
0,12,66,3
0,13,66,3
0,14,66,3
0,15,66,4
0,16,66,4
0,17,66,4
0,18,66,4
0,19,66,5
0,20,66,5
0,21,66,5
0,22,66,5
0,23,66,6
0,24,66,6
0,25,66,7
0,26,66,7
0,27,66,7
0,28,66,8
0,0,67,1
0,1,67,1
0,2,67,1
0,3,67,1
0,4,67,1
0,5,67,1
0,6,67,2
0,7,67,2
0,8,67,2
0,9,67,2
0,10,67,2
0,11,67,2
0,12,67,3
0,13,67,3
0,14,67,3
0,15,67,4
0,16,67,4
0,17,67,4
0,18,67,5
0,19,67,5
0,20,67,5
0,21,67,5
0,22,67,6
0,23,67,6
0,24,67,6
0,25,67,7
0,26,67,7
0,27,67,7
0,28,67,8
0,0,68,1
0,1,68,1
0,2,68,1
0,3,68,1
0,4,68,1
0,5,68,1
0,6,68,2
0,7,68,2
0,8,68,2
0,9,68,2
0,10,68,2
0,11,68,2
0,12,68,3
0,13,68,3
0,14,68,3
0,15,68,4
0,16,68,4
0,17,68,4
0,18,68,5
0,19,68,5
0,20,68,5
0,21,68,5
0,22,68,6
0,23,68,6
0,24,68,6
0,25,68,7
0,26,68,7
0,27,68,8
0,28,68,9
0,0,69,1
0,1,69,1
0,2,69,1
0,3,69,1
0,4,69,1
0,5,69,1
0,6,69,2
0,7,69,2
0,8,69,2
0,9,69,2
0,10,69,2
0,11,69,2
0,12,69,3
0,13,69,3
0,14,69,3
0,15,69,4
0,16,69,4
0,17,69,4
0,18,69,5
0,19,69,5
0,20,69,5
0,21,69,5
0,22,69,6
0,23,69,6
0,24,69,6
0,25,69,7
0,26,69,7
0,27,69,8
0,28,69,9
0,0,70,1
0,1,70,1
0,2,70,1
0,3,70,1
0,4,70,1
0,5,70,2
0,6,70,2
0,7,70,2
0,8,70,2
0,9,70,2
0,10,70,2
0,11,70,2
0,12,70,3
0,13,70,3
0,14,70,3
0,15,70,4
0,16,70,4
0,17,70,4
0,18,70,5
0,19,70,5
0,20,70,5
0,21,70,5
0,22,70,6
0,23,70,6
0,24,70,7
0,25,70,7
0,26,70,7
0,27,70,8
0,28,70,9
0,0,71,1
0,1,71,1
0,2,71,1
0,3,71,1
0,4,71,1
0,5,71,2
0,6,71,2
0,7,71,2
0,8,71,2
0,9,71,2
0,10,71,3
0,11,71,3
0,12,71,3
0,13,71,3
0,14,71,3
0,15,71,4
0,16,71,4
0,17,71,4
0,18,71,5
0,19,71,5
0,20,71,5
0,21,71,5
0,22,71,6
0,23,71,6
0,24,71,7
0,25,71,7
0,26,71,8
0,27,71,8
0,28,71,9
0,0,72,1
0,1,72,1
0,2,72,1
0,3,72,1
0,4,72,1
0,5,72,2
0,6,72,2
0,7,72,2
0,8,72,2
0,9,72,2
0,10,72,3
0,11,72,3
0,12,72,3
0,13,72,3
0,14,72,3
0,15,72,4
0,16,72,4
0,17,72,4
0,18,72,5
0,19,72,5
0,20,72,5
0,21,72,5
0,22,72,6
0,23,72,6
0,24,72,7
0,25,72,7
0,26,72,8
0,27,72,8
0,28,72,9
0,0,73,1
0,1,73,1
0,2,73,1
0,3,73,1
0,4,73,1
0,5,73,2
0,6,73,2
0,7,73,2
0,8,73,2
0,9,73,2
0,10,73,3
0,11,73,3
0,12,73,3
0,13,73,3
0,14,73,4
0,15,73,4
0,16,73,4
0,17,73,4
0,18,73,5
0,19,73,5
0,20,73,6
0,21,73,6
0,22,73,6
0,23,73,6
0,24,73,7
0,25,73,7
0,26,73,8
0,27,73,8
0,28,73,9
0,0,74,1
0,1,74,1
0,2,74,1
0,3,74,1
0,4,74,1
0,5,74,2
0,6,74,2
0,7,74,2
0,8,74,2
0,9,74,2
0,10,74,3
0,11,74,3
0,12,74,3
0,13,74,3
0,14,74,4
0,15,74,4
0,16,74,4
0,17,74,5
0,18,74,5
0,19,74,5
0,20,74,6
0,21,74,6
0,22,74,6
0,23,74,6
0,24,74,7
0,25,74,7
0,26,74,8
0,27,74,8
0,28,74,9
0,0,75,1
0,1,75,1
0,2,75,1
0,3,75,1
0,4,75,1
0,5,75,2
0,6,75,2
0,7,75,2
0,8,75,2
0,9,75,2
0,10,75,3
0,11,75,3
0,12,75,3
0,13,75,3
0,14,75,4
0,15,75,4
0,16,75,4
0,17,75,5
0,18,75,5
0,19,75,5
0,20,75,6
0,21,75,6
0,22,75,6
0,23,75,7
0,24,75,7
0,25,75,8
0,26,75,8
0,27,75,8
0,28,75,9
0,0,76,1
0,1,76,1
0,2,76,1
0,3,76,1
0,4,76,1
0,5,76,2
0,6,76,2
0,7,76,2
0,8,76,2
0,9,76,2
0,10,76,3
0,11,76,3
0,12,76,3
0,13,76,3
0,14,76,4
0,15,76,4
0,16,76,4
0,17,76,5
0,18,76,5
0,19,76,5
0,20,76,6
0,21,76,6
0,22,76,6
0,23,76,7
0,24,76,7
0,25,76,8
0,26,76,8
0,27,76,8
0,28,76,9
0,0,77,1
0,1,77,1
0,2,77,1
0,3,77,1
0,4,77,1
0,5,77,2
0,6,77,2
0,7,77,2
0,8,77,2
0,9,77,2
0,10,77,3
0,11,77,3
0,12,77,3
0,13,77,3
0,14,77,4
0,15,77,4
0,16,77,4
0,17,77,5
0,18,77,5
0,19,77,5
0,20,77,6
0,21,77,6
0,22,77,6
0,23,77,7
0,24,77,7
0,25,77,8
0,26,77,8
0,27,77,8
0,28,77,10
0,0,78,1
0,1,78,1
0,2,78,1
0,3,78,1
0,4,78,1
0,5,78,2
0,6,78,2
0,7,78,2
0,8,78,2
0,9,78,2
0,10,78,3
0,11,78,3
0,12,78,3
0,13,78,3
0,14,78,4
0,15,78,4
0,16,78,4
0,17,78,5
0,18,78,5
0,19,78,5
0,20,78,6
0,21,78,6
0,22,78,6
0,23,78,7
0,24,78,7
0,25,78,8
0,26,78,8
0,27,78,8
0,28,78,10
0,0,79,1
0,1,79,1
0,2,79,1
0,3,79,1
0,4,79,1
0,5,79,2
0,6,79,2
0,7,79,2
0,8,79,2
0,9,79,3
0,10,79,3
0,11,79,3
0,12,79,3
0,13,79,3
0,14,79,4
0,15,79,4
0,16,79,5
0,17,79,5
0,18,79,5
0,19,79,6
0,20,79,6
0,21,79,6
0,22,79,6
0,23,79,7
0,24,79,7
0,25,79,8
0,26,79,8
0,27,79,9
0,28,79,10
0,0,80,1
0,1,80,1
0,2,80,1
0,3,80,1
0,4,80,1
0,5,80,2
0,6,80,2
0,7,80,2
0,8,80,2
0,9,80,3
0,10,80,3
0,11,80,3
0,12,80,3
0,13,80,3
0,14,80,4
0,15,80,4
0,16,80,5
0,17,80,5
0,18,80,5
0,19,80,6
0,20,80,6
0,21,80,6
0,22,80,6
0,23,80,7
0,24,80,8
0,25,80,8
0,26,80,8
0,27,80,9
0,28,80,10
0,0,81,1
0,1,81,1
0,2,81,1
0,3,81,1
0,4,81,1
0,5,81,2
0,6,81,2
0,7,81,2
0,8,81,2
0,9,81,3
0,10,81,3
0,11,81,3
0,12,81,3
0,13,81,3
0,14,81,4
0,15,81,4
0,16,81,5
0,17,81,5
0,18,81,5
0,19,81,6
0,20,81,6
0,21,81,6
0,22,81,7
0,23,81,7
0,24,81,8
0,25,81,8
0,26,81,8
0,27,81,9
0,28,81,10
0,0,82,1
0,1,82,1
0,2,82,1
0,3,82,1
0,4,82,1
0,5,82,2
0,6,82,2
0,7,82,2
0,8,82,2
0,9,82,3
0,10,82,3
0,11,82,3
0,12,82,3
0,13,82,4
0,14,82,4
0,15,82,4
0,16,82,5
0,17,82,5
0,18,82,5
0,19,82,6
0,20,82,6
0,21,82,6
0,22,82,7
0,23,82,7
0,24,82,8
0,25,82,8
0,26,82,9
0,27,82,9
0,28,82,10
0,0,83,1
0,1,83,1
0,2,83,1
0,3,83,1
0,4,83,1
0,5,83,2
0,6,83,2
0,7,83,2
0,8,83,2
0,9,83,3
0,10,83,3
0,11,83,3
0,12,83,3
0,13,83,4
0,14,83,4
0,15,83,4
0,16,83,5
0,17,83,5
0,18,83,5
0,19,83,6
0,20,83,6
0,21,83,6
0,22,83,7
0,23,83,7
0,24,83,8
0,25,83,8
0,26,83,9
0,27,83,9
0,28,83,11
0,0,84,1
0,1,84,1
0,2,84,1
0,3,84,1
0,4,84,1
0,5,84,2
0,6,84,2
0,7,84,2
0,8,84,2
0,9,84,3
0,10,84,3
0,11,84,3
0,12,84,3
0,13,84,4
0,14,84,4
0,15,84,5
0,16,84,5
0,17,84,5
0,18,84,5
0,19,84,6
0,20,84,6
0,21,84,6
0,22,84,7
0,23,84,7
0,24,84,8
0,25,84,8
0,26,84,9
0,27,84,9
0,28,84,11
0,0,85,1
0,1,85,1
0,2,85,1
0,3,85,1
0,4,85,1
0,5,85,2
0,6,85,2
0,7,85,2
0,8,85,2
0,9,85,3
0,10,85,3
0,11,85,3
0,12,85,3
0,13,85,4
0,14,85,4
0,15,85,5
0,16,85,5
0,17,85,5
0,18,85,5
0,19,85,6
0,20,85,6
0,21,85,6
0,22,85,7
0,23,85,7
0,24,85,8
0,25,85,8
0,26,85,9
0,27,85,9
0,28,85,11
0,0,86,1
0,1,86,1
0,2,86,1
0,3,86,1
0,4,86,2
0,5,86,2
0,6,86,2
0,7,86,2
0,8,86,2
0,9,86,3
0,10,86,3
0,11,86,3
0,12,86,3
0,13,86,4
0,14,86,4
0,15,86,5
0,16,86,5
0,17,86,5
0,18,86,5
0,19,86,6
0,20,86,6
0,21,86,6
0,22,86,7
0,23,86,8
0,24,86,8
0,25,86,8
0,26,86,9
0,27,86,9
0,28,86,11
0,0,87,1
0,1,87,1
0,2,87,1
0,3,87,1
0,4,87,2
0,5,87,2
0,6,87,2
0,7,87,2
0,8,87,2
0,9,87,3
0,10,87,3
0,11,87,3
0,12,87,3
0,13,87,4
0,14,87,4
0,15,87,5
0,16,87,5
0,17,87,5
0,18,87,6
0,19,87,6
0,20,87,7
0,21,87,7
0,22,87,7
0,23,87,8
0,24,87,8
0,25,87,9
0,26,87,9
0,27,87,9
0,28,87,11
0,0,88,1
0,1,88,1
0,2,88,1
0,3,88,1
0,4,88,2
0,5,88,2
0,6,88,2
0,7,88,2
0,8,88,2
0,9,88,3
0,10,88,3
0,11,88,3
0,12,88,3
0,13,88,4
0,14,88,4
0,15,88,5
0,16,88,5
0,17,88,5
0,18,88,6
0,19,88,6
0,20,88,7
0,21,88,7
0,22,88,7
0,23,88,8
0,24,88,8
0,25,88,9
0,26,88,9
0,27,88,9
0,28,88,11
0,0,89,1
0,1,89,1
0,2,89,1
0,3,89,1
0,4,89,2
0,5,89,2
0,6,89,2
0,7,89,2
0,8,89,3
0,9,89,3
0,10,89,3
0,11,89,3
0,12,89,3
0,13,89,4
0,14,89,4
0,15,89,5
0,16,89,5
0,17,89,5
0,18,89,6
0,19,89,6
0,20,89,7
0,21,89,7
0,22,89,7
0,23,89,8
0,24,89,8
0,25,89,9
0,26,89,9
0,27,89,10
0,28,89,11
0,0,90,1
0,1,90,1
0,2,90,1
0,3,90,1
0,4,90,2
0,5,90,2
0,6,90,2
0,7,90,2
0,8,90,3
0,9,90,3
0,10,90,3
0,11,90,3
0,12,90,3
0,13,90,4
0,14,90,4
0,15,90,5
0,16,90,5
0,17,90,5
0,18,90,6
0,19,90,6
0,20,90,7
0,21,90,7
0,22,90,7
0,23,90,8
0,24,90,8
0,25,90,9
0,26,90,9
0,27,90,10
0,28,90,11
0,0,91,1
0,1,91,1
0,2,91,1
0,3,91,1
0,4,91,2
0,5,91,2
0,6,91,2
0,7,91,2
0,8,91,3
0,9,91,3
0,10,91,3
0,11,91,3
0,12,91,3
0,13,91,4
0,14,91,4
0,15,91,5
0,16,91,5
0,17,91,5
0,18,91,6
0,19,91,6
0,20,91,7
0,21,91,7
0,22,91,7
0,23,91,8
0,24,91,8
0,25,91,9
0,26,91,9
0,27,91,10
0,28,91,11
0,0,92,1
0,1,92,1
0,2,92,1
0,3,92,1
0,4,92,2
0,5,92,2
0,6,92,2
0,7,92,2
0,8,92,3
0,9,92,3
0,10,92,3
0,11,92,3
0,12,92,3
0,13,92,4
0,14,92,4
0,15,92,5
0,16,92,5
0,17,92,5
0,18,92,6
0,19,92,6
0,20,92,7
0,21,92,7
0,22,92,7
0,23,92,8
0,24,92,8
0,25,92,9
0,26,92,10
0,27,92,10
0,28,92,12
0,0,93,1
0,1,93,1
0,2,93,1
0,3,93,1
0,4,93,2
0,5,93,2
0,6,93,2
0,7,93,2
0,8,93,3
0,9,93,3
0,10,93,3
0,11,93,3
0,12,93,4
0,13,93,4
0,14,93,4
0,15,93,5
0,16,93,5
0,17,93,5
0,18,93,6
0,19,93,6
0,20,93,7
0,21,93,7
0,22,93,8
0,23,93,8
0,24,93,9
0,25,93,9
0,26,93,10
0,27,93,10
0,28,93,12
0,0,94,1
0,1,94,1
0,2,94,1
0,3,94,1
0,4,94,2
0,5,94,2
0,6,94,2
0,7,94,2
0,8,94,3
0,9,94,3
0,10,94,3
0,11,94,3
0,12,94,4
0,13,94,4
0,14,94,5
0,15,94,5
0,16,94,5
0,17,94,5
0,18,94,6
0,19,94,7
0,20,94,7
0,21,94,7
0,22,94,8
0,23,94,8
0,24,94,9
0,25,94,9
0,26,94,10
0,27,94,10
0,28,94,12
0,0,95,1
0,1,95,1
0,2,95,1
0,3,95,1
0,4,95,2
0,5,95,2
0,6,95,2
0,7,95,2
0,8,95,3
0,9,95,3
0,10,95,3
0,11,95,3
0,12,95,4
0,13,95,4
0,14,95,5
0,15,95,5
0,16,95,5
0,17,95,5
0,18,95,6
0,19,95,7
0,20,95,7
0,21,95,7
0,22,95,8
0,23,95,8
0,24,95,9
0,25,95,9
0,26,95,10
0,27,95,11
0,28,95,12
0,0,96,1
0,1,96,1
0,2,96,1
0,3,96,1
0,4,96,2
0,5,96,2
0,6,96,2
0,7,96,2
0,8,96,3
0,9,96,3
0,10,96,3
0,11,96,3
0,12,96,4
0,13,96,4
0,14,96,5
0,15,96,5
0,16,96,5
0,17,96,6
0,18,96,6
0,19,96,7
0,20,96,7
0,21,96,7
0,22,96,8
0,23,96,8
0,24,96,9
0,25,96,9
0,26,96,10
0,27,96,11
0,28,96,12
0,0,97,1
0,1,97,1
0,2,97,1
0,3,97,1
0,4,97,2
0,5,97,2
0,6,97,2
0,7,97,2
0,8,97,3
0,9,97,3
0,10,97,3
0,11,97,3
0,12,97,4
0,13,97,4
0,14,97,5
0,15,97,5
0,16,97,5
0,17,97,6
0,18,97,6
0,19,97,7
0,20,97,7
0,21,97,7
0,22,97,8
0,23,97,8
0,24,97,9
0,25,97,9
0,26,97,10
0,27,97,11
0,28,97,12
0,0,98,1
0,1,98,1
0,2,98,1
0,3,98,1
0,4,98,2
0,5,98,2
0,6,98,2
0,7,98,2
0,8,98,3
0,9,98,3
0,10,98,3
0,11,98,3
0,12,98,4
0,13,98,4
0,14,98,5
0,15,98,5
0,16,98,5
0,17,98,6
0,18,98,6
0,19,98,7
0,20,98,7
0,21,98,7
0,22,98,8
0,23,98,8
0,24,98,9
0,25,98,10
0,26,98,10
0,27,98,11
0,28,98,13
0,0,99,1
0,1,99,1
0,2,99,1
0,3,99,1
0,4,99,2
0,5,99,2
0,6,99,2
0,7,99,2
0,8,99,3
0,9,99,3
0,10,99,3
0,11,99,3
0,12,99,4
0,13,99,4
0,14,99,5
0,15,99,5
0,16,99,5
0,17,99,6
0,18,99,6
0,19,99,7
0,20,99,7
0,21,99,7
0,22,99,8
0,23,99,8
0,24,99,9
0,25,99,10
0,26,99,11
0,27,99,11
0,28,99,13
0,0,100,1
0,1,100,1
0,2,100,1
0,3,100,1
0,4,100,2
0,5,100,2
0,6,100,2
0,7,100,2
0,8,100,3
0,9,100,3
0,10,100,3
0,11,100,3
0,12,100,4
0,13,100,4
0,14,100,5
0,15,100,5
0,16,100,5
0,17,100,6
0,18,100,6
0,19,100,7
0,20,100,8
0,21,100,8
0,22,100,8
0,23,100,9
0,24,100,9
0,25,100,10
0,26,100,11
0,27,100,11
0,28,100,13
0,0,101,1
0,1,101,1
0,2,101,1
0,3,101,1
0,4,101,2
0,5,101,2
0,6,101,2
0,7,101,2
0,8,101,3
0,9,101,3
0,10,101,3
0,11,101,3
0,12,101,4
0,13,101,4
0,14,101,5
0,15,101,5
0,16,101,5
0,17,101,6
0,18,101,6
0,19,101,7
0,20,101,8
0,21,101,8
0,22,101,8
0,23,101,9
0,24,101,9
0,25,101,10
0,26,101,11
0,27,101,11
0,28,101,13
0,0,102,1
0,1,102,1
0,2,102,1
0,3,102,1
0,4,102,2
0,5,102,2
0,6,102,2
0,7,102,3
0,8,102,3
0,9,102,3
0,10,102,3
0,11,102,3
0,12,102,4
0,13,102,4
0,14,102,5
0,15,102,5
0,16,102,6
0,17,102,6
0,18,102,6
0,19,102,7
0,20,102,8
0,21,102,8
0,22,102,8
0,23,102,9
0,24,102,9
0,25,102,10
0,26,102,11
0,27,102,11
0,28,102,13
0,0,103,1
0,1,103,1
0,2,103,1
0,3,103,1
0,4,103,2
0,5,103,2
0,6,103,2
0,7,103,3
0,8,103,3
0,9,103,3
0,10,103,3
0,11,103,3
0,12,103,4
0,13,103,4
0,14,103,5
0,15,103,5
0,16,103,6
0,17,103,6
0,18,103,6
0,19,103,7
0,20,103,8
0,21,103,8
0,22,103,8
0,23,103,9
0,24,103,9
0,25,103,10
0,26,103,11
0,27,103,11
0,28,103,13
0,0,104,1
0,1,104,1
0,2,104,1
0,3,104,1
0,4,104,2
0,5,104,2
0,6,104,2
0,7,104,3
0,8,104,3
0,9,104,3
0,10,104,3
0,11,104,3
0,12,104,4
0,13,104,4
0,14,104,5
0,15,104,5
0,16,104,6
0,17,104,6
0,18,104,7
0,19,104,7
0,20,104,8
0,21,104,8
0,22,104,8
0,23,104,9
0,24,104,10
0,25,104,10
0,26,104,11
0,27,104,11
0,28,104,13
0,0,105,1
0,1,105,1
0,2,105,1
0,3,105,2
0,4,105,2
0,5,105,2
0,6,105,2
0,7,105,3
0,8,105,3
0,9,105,3
0,10,105,3
0,11,105,3
0,12,105,4
0,13,105,4
0,14,105,5
0,15,105,5
0,16,105,6
0,17,105,6
0,18,105,7
0,19,105,7
0,20,105,8
0,21,105,8
0,22,105,8
0,23,105,9
0,24,105,10
0,25,105,10
0,26,105,11
0,27,105,11
0,28,105,13
0,0,106,1
0,1,106,1
0,2,106,1
0,3,106,2
0,4,106,2
0,5,106,2
0,6,106,2
0,7,106,3
0,8,106,3
0,9,106,3
0,10,106,3
0,11,106,3
0,12,106,4
0,13,106,5
0,14,106,5
0,15,106,5
0,16,106,6
0,17,106,6
0,18,106,7
0,19,106,7
0,20,106,8
0,21,106,8
0,22,106,8
0,23,106,9
0,24,106,10
0,25,106,11
0,26,106,11
0,27,106,11
0,28,106,13
0,0,107,1
0,1,107,1
0,2,107,1
0,3,107,2
0,4,107,2
0,5,107,2
0,6,107,2
0,7,107,3
0,8,107,3
0,9,107,3
0,10,107,4
0,11,107,4
0,12,107,4
0,13,107,5
0,14,107,5
0,15,107,5
0,16,107,6
0,17,107,6
0,18,107,7
0,19,107,7
0,20,107,8
0,21,107,8
0,22,107,8
0,23,107,9
0,24,107,10
0,25,107,11
0,26,107,11
0,27,107,12
0,28,107,13
0,0,108,1
0,1,108,1
0,2,108,1
0,3,108,2
0,4,108,2
0,5,108,2
0,6,108,2
0,7,108,3
0,8,108,3
0,9,108,3
0,10,108,4
0,11,108,4
0,12,108,4
0,13,108,5
0,14,108,5
0,15,108,5
0,16,108,6
0,17,108,6
0,18,108,7
0,19,108,7
0,20,108,8
0,21,108,8
0,22,108,9
0,23,108,9
0,24,108,10
0,25,108,11
0,26,108,11
0,27,108,12
0,28,108,13
0,0,109,1
0,1,109,1
0,2,109,1
0,3,109,2
0,4,109,2
0,5,109,2
0,6,109,2
0,7,109,3
0,8,109,3
0,9,109,3
0,10,109,4
0,11,109,4
0,12,109,4
0,13,109,5
0,14,109,5
0,15,109,6
0,16,109,6
0,17,109,6
0,18,109,7
0,19,109,8
0,20,109,8
0,21,109,8
0,22,109,9
0,23,109,9
0,24,109,10
0,25,109,11
0,26,109,11
0,27,109,12
0,28,109,13
0,0,110,1
0,1,110,1
0,2,110,1
0,3,110,2
0,4,110,2
0,5,110,2
0,6,110,2
0,7,110,3
0,8,110,3
0,9,110,3
0,10,110,4
0,11,110,4
0,12,110,4
0,13,110,5
0,14,110,5
0,15,110,6
0,16,110,6
0,17,110,6
0,18,110,7
0,19,110,8
0,20,110,8
0,21,110,8
0,22,110,9
0,23,110,9
0,24,110,10
0,25,110,11
0,26,110,11
0,27,110,12
0,28,110,13
